ID,Date,City,Platform,Category,Product_Type,Product_Name,Pack_Size,MRP,Selling_Price,Discount,Stock_Status
1,22-07-26,Delhi,Blinkit,Dairy,Butter,Amul Salted Butter,100 g,63,63,0,In stock
2,22-07-26,Mumbai,Blinkit,Dairy,Butter,Amul Salted Butter,100 g,63,63,0,In stock
3,22-07-26,Pune,Blinkit,Dairy,Butter,Amul Salted Butter,100 g,63,63,0,In stock
4,22-07-26,Bengaluru,Blinkit,Dairy,Butter,Amul Salted Butter,100 g,63,63,0,In stock
5,22-07-26,Chennai,Blinkit,Dairy,Butter,Amul Salted Butter,100 g,63,63,0,In stock
6,22-07-26,Delhi,Zepto,Dairy,Butter,Amul Salted Butter,100 g,63,63,0,In stock
7,22-07-26,Mumbai,Zepto,Dairy,Butter,Amul Salted Butter,100 g,63,63,0,In stock
8,22-07-26,Pune,Zepto,Dairy,Butter,Amul Salted Butter,100 g,63,63,0,In stock
9,22-07-26,Bengaluru,Zepto,Dairy,Butter,Amul Salted Butter,100 g,63,63,0,In stock
10,22-07-26,Chennai,Zepto,Dairy,Butter,Amul Salted Butter,100 g,63,63,0,In stock
11,22-07-26,Delhi,Instamart,Dairy,Butter,Amul Salted Butter,100 g,63,60,5,In stock
12,22-07-26,Mumbai,Instamart,Dairy,Butter,Amul Salted Butter,100 g,63,60,5,In stock
13,22-07-26,Pune,Instamart,Dairy,Butter,Amul Salted Butter,100 g,63,60,5,In stock
14,22-07-26,Bengaluru,Instamart,Dairy,Butter,Amul Salted Butter,100 g,63,60,5,In stock
15,22-07-26,Chennai,Instamart,Dairy,Butter,Amul Salted Butter,100 g,63,60,5,In stock
16,23-07-26,Delhi,Blinkit,Dairy,Butter,Amul Salted Butter,100 g,63,63,0,In stock
17,23-07-26,Mumbai,Blinkit,Dairy,Butter,Amul Salted Butter,100 g,63,63,0,In stock
18,23-07-26,Pune,Blinkit,Dairy,Butter,Amul Salted Butter,100 g,63,63,0,In stock
19,23-07-26,Bengaluru,Blinkit,Dairy,Butter,Amul Salted Butter,100 g,63,63,0,In stock
20,23-07-26,Chennai,Blinkit,Dairy,Butter,Amul Salted Butter,100 g,63,63,0,In stock
21,23-07-26,Delhi,Instamart,Dairy,Butter,Amul Salted Butter,100 g,63,63,0,In stock
22,23-07-26,Mumbai,Instamart,Dairy,Butter,Amul Salted Butter,100 g,63,63,0,In stock
23,23-07-26,Pune,Instamart,Dairy,Butter,Amul Salted Butter,100 g,63,63,0,In stock
24,23-07-26,Bengaluru,Instamart,Dairy,Butter,Amul Salted Butter,100 g,63,63,0,In stock
25,23-07-26,Chennai,Instamart,Dairy,Butter,Amul Salted Butter,100 g,63,63,0,In stock
26,23-07-26,Delhi,Zepto,Dairy,Butter,Amul Salted Butter,100 g,63,63,0,In stock
27,23-07-26,Mumbai,Zepto,Dairy,Butter,Amul Salted Butter,100 g,63,63,0,In stock
28,23-07-26,Pune,Zepto,Dairy,Butter,Amul Salted Butter,100 g,63,63,0,In stock
29,23-07-26,Bengaluru,Zepto,Dairy,Butter,Amul Salted Butter,100 g,63,63,0,In stock
30,23-07-26,Chennai,Zepto,Dairy,Butter,Amul Salted Butter,100 g,63,63,0,In stock
31,24-07-26,Delhi,Blinkit,Dairy,Butter,Amul Salted Butter,100 g,63,63,0,In stock
134,23-07-26,Mumbai,Blinkit,Dairy,Milk,Amul Taaza Toned Milk Tetrapack,1 lit,77,,100,Out of stock
33,24-07-26,Pune,Blinkit,Dairy,Butter,Amul Salted Butter,100 g,63,63,0,In stock
34,24-07-26,Bengaluru,Blinkit,Dairy,Butter,Amul Salted Butter,100 g,63,63,0,In stock
35,24-07-26,Chennai,Blinkit,Dairy,Butter,Amul Salted Butter,100 g,63,63,0,In stock
36,24-07-26,Delhi,Instamart,Dairy,Butter,Amul Salted Butter,100 g,63,63,0,In stock
37,24-07-26,Mumbai,Instamart,Dairy,Butter,Amul Salted Butter,100 g,63,63,0,In stock
38,24-07-26,Pune,Instamart,Dairy,Butter,Amul Salted Butter,100 g,63,63,0,In stock
39,24-07-26,Bengaluru,Instamart,Dairy,Butter,Amul Salted Butter,100 g,63,63,0,In stock
40,24-07-26,Chennai,Instamart,Dairy,Butter,Amul Salted Butter,100 g,63,63,0,In stock
41,24-07-26,Delhi,Zepto,Dairy,Butter,Amul Salted Butter,100 g,63,63,0,In stock
42,24-07-26,Mumbai,Zepto,Dairy,Butter,Amul Salted Butter,100 g,63,63,0,In stock
43,24-07-26,Pune,Zepto,Dairy,Butter,Amul Salted Butter,100 g,63,63,0,In stock
44,24-07-26,Bengaluru,Zepto,Dairy,Butter,Amul Salted Butter,100 g,63,63,0,In stock
45,24-07-26,Chennai,Zepto,Dairy,Butter,Amul Salted Butter,100 g,63,63,0,In stock
46,25-07-26,Delhi,Blinkit,Dairy,Butter,Amul Salted Butter,100 g,63,63,0,In stock
47,25-07-26,Mumbai,Blinkit,Dairy,Butter,Amul Salted Butter,100 g,63,63,0,In stock
48,25-07-26,Pune,Blinkit,Dairy,Butter,Amul Salted Butter,100 g,63,63,0,In stock
49,25-07-26,Bengaluru,Blinkit,Dairy,Butter,Amul Salted Butter,100 g,63,63,0,In stock
50,25-07-26,Chennai,Blinkit,Dairy,Butter,Amul Salted Butter,100 g,63,63,0,In stock
51,25-07-26,Delhi,Instamart,Dairy,Butter,Amul Salted Butter,100 g,63,63,0,In stock
52,25-07-26,Mumbai,Instamart,Dairy,Butter,Amul Salted Butter,100 g,63,63,0,In stock
53,25-07-26,Pune,Instamart,Dairy,Butter,Amul Salted Butter,100 g,63,63,0,In stock
54,25-07-26,Bengaluru,Instamart,Dairy,Butter,Amul Salted Butter,100 g,63,63,0,In stock
55,25-07-26,Chennai,Instamart,Dairy,Butter,Amul Salted Butter,100 g,63,63,0,In stock
56,25-07-26,Delhi,Zepto,Dairy,Butter,Amul Salted Butter,100 g,63,63,0,In stock
57,25-07-26,Mumbai,Zepto,Dairy,Butter,Amul Salted Butter,100 g,63,63,0,In stock
58,25-07-26,Pune,Zepto,Dairy,Butter,Amul Salted Butter,100 g,63,63,0,In stock
59,25-07-26,Bengaluru,Zepto,Dairy,Butter,Amul Salted Butter,100 g,63,63,0,In stock
60,25-07-26,Chennai,Zepto,Dairy,Butter,Amul Salted Butter,100 g,63,63,0,In stock
61,26-07-26,Delhi,Blinkit,Dairy,Butter,Amul Salted Butter,100 g,63,63,0,In stock
62,26-07-26,Mumbai,Blinkit,Dairy,Butter,Amul Salted Butter,100 g,63,63,0,In stock
63,26-07-26,Pune,Blinkit,Dairy,Butter,Amul Salted Butter,100 g,63,63,0,In stock
64,26-07-26,Bengaluru,Blinkit,Dairy,Butter,Amul Salted Butter,100 g,63,63,0,In stock
65,26-07-26,Chennai,Blinkit,Dairy,Butter,Amul Salted Butter,100 g,63,63,0,In stock
66,26-07-26,Delhi,Instamart,Dairy,Butter,Amul Salted Butter,100 g,63,63,0,In stock
67,26-07-26,Mumbai,Instamart,Dairy,Butter,Amul Salted Butter,100 g,63,63,0,In stock
68,26-07-26,Pune,Instamart,Dairy,Butter,Amul Salted Butter,100 g,63,63,0,In stock
69,26-07-26,Bengaluru,Instamart,Dairy,Butter,Amul Salted Butter,100 g,63,63,0,In stock
70,26-07-26,Chennai,Instamart,Dairy,Butter,Amul Salted Butter,100 g,63,63,0,In stock
71,26-07-26,Delhi,Zepto,Dairy,Butter,Amul Salted Butter,100 g,63,63,0,In stock
72,26-07-26,Mumbai,Zepto,Dairy,Butter,Amul Salted Butter,100 g,63,63,0,In stock
73,26-07-26,Bengaluru,Zepto,Dairy,Butter,Amul Salted Butter,100 g,63,63,0,In stock
74,26-07-26,Chennai,Zepto,Dairy,Butter,Amul Salted Butter,100 g,63,63,0,In stock
75,26-07-26,Pune,Zepto,Dairy,Butter,Amul Salted Butter,100 g,63,,100,Out of stock
76,27-07-26,Delhi,Blinkit,Dairy,Butter,Amul Salted Butter,100 g,63,63,0,In stock
77,27-07-26,Mumbai,Blinkit,Dairy,Butter,Amul Salted Butter,100 g,63,63,0,In stock
78,27-07-26,Pune,Blinkit,Dairy,Butter,Amul Salted Butter,100 g,63,63,0,In stock
79,27-07-26,Bengaluru,Blinkit,Dairy,Butter,Amul Salted Butter,100 g,63,63,0,In stock
80,27-07-26,Chennai,Blinkit,Dairy,Butter,Amul Salted Butter,100 g,63,63,0,In stock
81,27-07-26,Delhi,Instamart,Dairy,Butter,Amul Salted Butter,100 g,63,63,0,In stock
82,27-07-26,Mumbai,Instamart,Dairy,Butter,Amul Salted Butter,100 g,63,63,0,In stock
83,27-07-26,Bengaluru,Instamart,Dairy,Butter,Amul Salted Butter,100 g,63,63,0,In stock
84,27-07-26,Chennai,Instamart,Dairy,Butter,Amul Salted Butter,100 g,63,63,0,In stock
85,27-07-26,Delhi,Zepto,Dairy,Butter,Amul Salted Butter,100 g,63,63,0,In stock
86,27-07-26,Mumbai,Zepto,Dairy,Butter,Amul Salted Butter,100 g,63,63,0,In stock
87,27-07-26,Bengaluru,Zepto,Dairy,Butter,Amul Salted Butter,100 g,63,63,0,In stock
88,27-07-26,Chennai,Zepto,Dairy,Butter,Amul Salted Butter,100 g,63,63,0,In stock
89,27-07-26,Pune,Instamart,Dairy,Butter,Amul Salted Butter,100 g,63,,100,Out of stock
90,27-07-26,Pune,Zepto,Dairy,Butter,Amul Salted Butter,100 g,63,,100,Out of stock
91,28-07-26,Delhi,Blinkit,Dairy,Butter,Amul Salted Butter,100 g,63,63,0,In stock
92,28-07-26,Pune,Blinkit,Dairy,Butter,Amul Salted Butter,100 g,63,63,0,In stock
93,28-07-26,Bengaluru,Blinkit,Dairy,Butter,Amul Salted Butter,100 g,63,63,0,In stock
94,28-07-26,Chennai,Blinkit,Dairy,Butter,Amul Salted Butter,100 g,63,63,0,In stock
95,28-07-26,Delhi,Instamart,Dairy,Butter,Amul Salted Butter,100 g,63,63,0,In stock
96,28-07-26,Bengaluru,Instamart,Dairy,Butter,Amul Salted Butter,100 g,63,63,0,In stock
97,28-07-26,Chennai,Instamart,Dairy,Butter,Amul Salted Butter,100 g,63,63,0,In stock
98,28-07-26,Delhi,Zepto,Dairy,Butter,Amul Salted Butter,100 g,63,63,0,In stock
99,28-07-26,Mumbai,Zepto,Dairy,Butter,Amul Salted Butter,100 g,63,63,0,In stock
100,28-07-26,Bengaluru,Zepto,Dairy,Butter,Amul Salted Butter,100 g,63,63,0,In stock
101,28-07-26,Chennai,Zepto,Dairy,Butter,Amul Salted Butter,100 g,63,63,0,In stock
102,28-07-26,Mumbai,Blinkit,Dairy,Butter,Amul Salted Butter,100 g,63,,100,Out of stock
103,28-07-26,Mumbai,Instamart,Dairy,Butter,Amul Salted Butter,100 g,63,,100,Out of stock
104,28-07-26,Pune,Instamart,Dairy,Butter,Amul Salted Butter,100 g,63,,100,Out of stock
105,28-07-26,Pune,Zepto,Dairy,Butter,Amul Salted Butter,100 g,63,,100,Out of stock
106,22-07-26,Delhi,Blinkit,Dairy,Milk,Amul Taaza Toned Milk Tetrapack,1 lit,77,77,0,In stock
107,22-07-26,Pune,Blinkit,Dairy,Milk,Amul Taaza Toned Milk Tetrapack,1 lit,77,77,0,In stock
108,22-07-26,Bengaluru,Blinkit,Dairy,Milk,Amul Taaza Toned Milk Tetrapack,1 lit,77,77,0,In stock
109,22-07-26,Chennai,Blinkit,Dairy,Milk,Amul Taaza Toned Milk Tetrapack,1 lit,77,77,0,In stock
110,22-07-26,Delhi,Zepto,Dairy,Milk,Amul Taaza Toned Milk Tetrapack,1 lit,77,77,0,In stock
111,22-07-26,Mumbai,Zepto,Dairy,Milk,Amul Taaza Toned Milk Tetrapack,1 lit,77,77,0,In stock
112,22-07-26,Pune,Zepto,Dairy,Milk,Amul Taaza Toned Milk Tetrapack,1 lit,77,77,0,In stock
113,22-07-26,Bengaluru,Zepto,Dairy,Milk,Amul Taaza Toned Milk Tetrapack,1 lit,77,77,0,In stock
114,22-07-26,Chennai,Zepto,Dairy,Milk,Amul Taaza Toned Milk Tetrapack,1 lit,77,77,0,In stock
115,22-07-26,Mumbai,Blinkit,Dairy,Milk,Amul Taaza Toned Milk Tetrapack,1 lit,77,77,0,In stock
116,22-07-26,Delhi,Instamart,Dairy,Milk,Amul Taaza Toned Milk Tetrapack,1 lit,77,69,10,In stock
117,22-07-26,Mumbai,Instamart,Dairy,Milk,Amul Taaza Toned Milk Tetrapack,1 lit,77,69,10,In stock
118,22-07-26,Pune,Instamart,Dairy,Milk,Amul Taaza Toned Milk Tetrapack,1 lit,77,69,10,In stock
119,22-07-26,Bengaluru,Instamart,Dairy,Milk,Amul Taaza Toned Milk Tetrapack,1 lit,77,69,10,In stock
120,22-07-26,Chennai,Instamart,Dairy,Milk,Amul Taaza Toned Milk Tetrapack,1 lit,77,69,10,In stock
121,23-07-26,Delhi,Blinkit,Dairy,Milk,Amul Taaza Toned Milk Tetrapack,1 lit,77,77,0,In stock
122,23-07-26,Pune,Blinkit,Dairy,Milk,Amul Taaza Toned Milk Tetrapack,1 lit,77,77,0,In stock
123,23-07-26,Bengaluru,Blinkit,Dairy,Milk,Amul Taaza Toned Milk Tetrapack,1 lit,77,77,0,In stock
124,23-07-26,Chennai,Blinkit,Dairy,Milk,Amul Taaza Toned Milk Tetrapack,1 lit,77,77,0,In stock
125,23-07-26,Delhi,Instamart,Dairy,Milk,Amul Taaza Toned Milk Tetrapack,1 lit,77,77,0,In stock
126,23-07-26,Mumbai,Instamart,Dairy,Milk,Amul Taaza Toned Milk Tetrapack,1 lit,77,77,0,In stock
127,23-07-26,Pune,Instamart,Dairy,Milk,Amul Taaza Toned Milk Tetrapack,1 lit,77,77,0,In stock
128,23-07-26,Bengaluru,Instamart,Dairy,Milk,Amul Taaza Toned Milk Tetrapack,1 lit,77,77,0,In stock
129,23-07-26,Chennai,Instamart,Dairy,Milk,Amul Taaza Toned Milk Tetrapack,1 lit,77,77,0,In stock
130,23-07-26,Delhi,Zepto,Dairy,Milk,Amul Taaza Toned Milk Tetrapack,1 lit,77,77,0,In stock
131,23-07-26,Pune,Zepto,Dairy,Milk,Amul Taaza Toned Milk Tetrapack,1 lit,77,77,0,In stock
132,23-07-26,Bengaluru,Zepto,Dairy,Milk,Amul Taaza Toned Milk Tetrapack,1 lit,77,77,0,In stock
133,23-07-26,Chennai,Zepto,Dairy,Milk,Amul Taaza Toned Milk Tetrapack,1 lit,77,77,0,In stock
227,23-07-26,Mumbai,Blinkit,Drinks and Beverages,Bottled water,Bisleri Packaged Water,1 lit,20,20,0,In stock
135,23-07-26,Mumbai,Zepto,Dairy,Milk,Amul Taaza Toned Milk Tetrapack,1 lit,77,,100,Out of stock
136,24-07-26,Delhi,Blinkit,Dairy,Milk,Amul Taaza Toned Milk Tetrapack,1 lit,77,77,0,In stock
137,24-07-26,Pune,Blinkit,Dairy,Milk,Amul Taaza Toned Milk Tetrapack,1 lit,77,77,0,In stock
138,24-07-26,Bengaluru,Blinkit,Dairy,Milk,Amul Taaza Toned Milk Tetrapack,1 lit,77,77,0,In stock
139,24-07-26,Chennai,Blinkit,Dairy,Milk,Amul Taaza Toned Milk Tetrapack,1 lit,77,77,0,In stock
140,24-07-26,Delhi,Instamart,Dairy,Milk,Amul Taaza Toned Milk Tetrapack,1 lit,77,77,0,In stock
141,24-07-26,Mumbai,Instamart,Dairy,Milk,Amul Taaza Toned Milk Tetrapack,1 lit,77,77,0,In stock
142,24-07-26,Pune,Instamart,Dairy,Milk,Amul Taaza Toned Milk Tetrapack,1 lit,77,77,0,In stock
143,24-07-26,Bengaluru,Instamart,Dairy,Milk,Amul Taaza Toned Milk Tetrapack,1 lit,77,77,0,In stock
144,24-07-26,Chennai,Instamart,Dairy,Milk,Amul Taaza Toned Milk Tetrapack,1 lit,77,77,0,In stock
145,24-07-26,Delhi,Zepto,Dairy,Milk,Amul Taaza Toned Milk Tetrapack,1 lit,77,77,0,In stock
146,24-07-26,Mumbai,Zepto,Dairy,Milk,Amul Taaza Toned Milk Tetrapack,1 lit,77,77,0,In stock
147,24-07-26,Pune,Zepto,Dairy,Milk,Amul Taaza Toned Milk Tetrapack,1 lit,77,77,0,In stock
148,24-07-26,Bengaluru,Zepto,Dairy,Milk,Amul Taaza Toned Milk Tetrapack,1 lit,77,77,0,In stock
149,24-07-26,Chennai,Zepto,Dairy,Milk,Amul Taaza Toned Milk Tetrapack,1 lit,77,77,0,In stock
331,23-07-26,Mumbai,Blinkit,Drinks and Beverages,Tea,Brooke Bond Red Label Tea,250 g,155,155,0,In stock
151,25-07-26,Delhi,Blinkit,Dairy,Milk,Amul Taaza Toned Milk Tetrapack,1 lit,77,77,0,In stock
152,25-07-26,Mumbai,Blinkit,Dairy,Milk,Amul Taaza Toned Milk Tetrapack,1 lit,77,77,0,In stock
153,25-07-26,Pune,Blinkit,Dairy,Milk,Amul Taaza Toned Milk Tetrapack,1 lit,77,77,0,In stock
154,25-07-26,Bengaluru,Blinkit,Dairy,Milk,Amul Taaza Toned Milk Tetrapack,1 lit,77,77,0,In stock
155,25-07-26,Chennai,Blinkit,Dairy,Milk,Amul Taaza Toned Milk Tetrapack,1 lit,77,77,0,In stock
156,25-07-26,Delhi,Instamart,Dairy,Milk,Amul Taaza Toned Milk Tetrapack,1 lit,77,77,0,In stock
157,25-07-26,Mumbai,Instamart,Dairy,Milk,Amul Taaza Toned Milk Tetrapack,1 lit,77,77,0,In stock
158,25-07-26,Pune,Instamart,Dairy,Milk,Amul Taaza Toned Milk Tetrapack,1 lit,77,77,0,In stock
159,25-07-26,Bengaluru,Instamart,Dairy,Milk,Amul Taaza Toned Milk Tetrapack,1 lit,77,77,0,In stock
160,25-07-26,Chennai,Instamart,Dairy,Milk,Amul Taaza Toned Milk Tetrapack,1 lit,77,77,0,In stock
161,25-07-26,Delhi,Zepto,Dairy,Milk,Amul Taaza Toned Milk Tetrapack,1 lit,77,77,0,In stock
162,25-07-26,Pune,Zepto,Dairy,Milk,Amul Taaza Toned Milk Tetrapack,1 lit,77,77,0,In stock
163,25-07-26,Bengaluru,Zepto,Dairy,Milk,Amul Taaza Toned Milk Tetrapack,1 lit,77,77,0,In stock
164,25-07-26,Chennai,Zepto,Dairy,Milk,Amul Taaza Toned Milk Tetrapack,1 lit,77,77,0,In stock
165,25-07-26,Mumbai,Zepto,Dairy,Milk,Amul Taaza Toned Milk Tetrapack,1 lit,77,,100,Out of stock
166,26-07-26,Delhi,Blinkit,Dairy,Milk,Amul Taaza Toned Milk Tetrapack,1 lit,77,77,0,In stock
167,26-07-26,Mumbai,Blinkit,Dairy,Milk,Amul Taaza Toned Milk Tetrapack,1 lit,77,77,0,In stock
168,26-07-26,Pune,Blinkit,Dairy,Milk,Amul Taaza Toned Milk Tetrapack,1 lit,77,77,0,In stock
169,26-07-26,Bengaluru,Blinkit,Dairy,Milk,Amul Taaza Toned Milk Tetrapack,1 lit,77,77,0,In stock
170,26-07-26,Chennai,Blinkit,Dairy,Milk,Amul Taaza Toned Milk Tetrapack,1 lit,77,77,0,In stock
171,26-07-26,Delhi,Instamart,Dairy,Milk,Amul Taaza Toned Milk Tetrapack,1 lit,77,77,0,In stock
172,26-07-26,Mumbai,Instamart,Dairy,Milk,Amul Taaza Toned Milk Tetrapack,1 lit,77,77,0,In stock
173,26-07-26,Pune,Instamart,Dairy,Milk,Amul Taaza Toned Milk Tetrapack,1 lit,77,77,0,In stock
174,26-07-26,Bengaluru,Instamart,Dairy,Milk,Amul Taaza Toned Milk Tetrapack,1 lit,77,77,0,In stock
175,26-07-26,Chennai,Instamart,Dairy,Milk,Amul Taaza Toned Milk Tetrapack,1 lit,77,77,0,In stock
176,26-07-26,Delhi,Zepto,Dairy,Milk,Amul Taaza Toned Milk Tetrapack,1 lit,77,77,0,In stock
177,26-07-26,Mumbai,Zepto,Dairy,Milk,Amul Taaza Toned Milk Tetrapack,1 lit,77,77,0,In stock
178,26-07-26,Pune,Zepto,Dairy,Milk,Amul Taaza Toned Milk Tetrapack,1 lit,77,77,0,In stock
179,26-07-26,Bengaluru,Zepto,Dairy,Milk,Amul Taaza Toned Milk Tetrapack,1 lit,77,77,0,In stock
180,26-07-26,Chennai,Zepto,Dairy,Milk,Amul Taaza Toned Milk Tetrapack,1 lit,77,77,0,In stock
181,27-07-26,Delhi,Blinkit,Dairy,Milk,Amul Taaza Toned Milk Tetrapack,1 lit,77,77,0,In stock
182,27-07-26,Mumbai,Blinkit,Dairy,Milk,Amul Taaza Toned Milk Tetrapack,1 lit,77,77,0,In stock
183,27-07-26,Pune,Blinkit,Dairy,Milk,Amul Taaza Toned Milk Tetrapack,1 lit,77,77,0,In stock
184,27-07-26,Bengaluru,Blinkit,Dairy,Milk,Amul Taaza Toned Milk Tetrapack,1 lit,77,77,0,In stock
185,27-07-26,Chennai,Blinkit,Dairy,Milk,Amul Taaza Toned Milk Tetrapack,1 lit,77,77,0,In stock
186,27-07-26,Delhi,Instamart,Dairy,Milk,Amul Taaza Toned Milk Tetrapack,1 lit,77,77,0,In stock
187,27-07-26,Mumbai,Instamart,Dairy,Milk,Amul Taaza Toned Milk Tetrapack,1 lit,77,77,0,In stock
188,27-07-26,Pune,Instamart,Dairy,Milk,Amul Taaza Toned Milk Tetrapack,1 lit,77,77,0,In stock
189,27-07-26,Bengaluru,Instamart,Dairy,Milk,Amul Taaza Toned Milk Tetrapack,1 lit,77,77,0,In stock
190,27-07-26,Chennai,Instamart,Dairy,Milk,Amul Taaza Toned Milk Tetrapack,1 lit,77,77,0,In stock
191,27-07-26,Delhi,Zepto,Dairy,Milk,Amul Taaza Toned Milk Tetrapack,1 lit,77,77,0,In stock
192,27-07-26,Mumbai,Zepto,Dairy,Milk,Amul Taaza Toned Milk Tetrapack,1 lit,77,77,0,In stock
193,27-07-26,Pune,Zepto,Dairy,Milk,Amul Taaza Toned Milk Tetrapack,1 lit,77,77,0,In stock
194,27-07-26,Bengaluru,Zepto,Dairy,Milk,Amul Taaza Toned Milk Tetrapack,1 lit,77,77,0,In stock
195,27-07-26,Chennai,Zepto,Dairy,Milk,Amul Taaza Toned Milk Tetrapack,1 lit,77,77,0,In stock
196,28-07-26,Delhi,Blinkit,Dairy,Milk,Amul Taaza Toned Milk Tetrapack,1 lit,77,77,0,In stock
197,28-07-26,Mumbai,Blinkit,Dairy,Milk,Amul Taaza Toned Milk Tetrapack,1 lit,77,77,0,In stock
198,28-07-26,Pune,Blinkit,Dairy,Milk,Amul Taaza Toned Milk Tetrapack,1 lit,77,77,0,In stock
199,28-07-26,Bengaluru,Blinkit,Dairy,Milk,Amul Taaza Toned Milk Tetrapack,1 lit,77,77,0,In stock
200,28-07-26,Chennai,Blinkit,Dairy,Milk,Amul Taaza Toned Milk Tetrapack,1 lit,77,77,0,In stock
201,28-07-26,Delhi,Instamart,Dairy,Milk,Amul Taaza Toned Milk Tetrapack,1 lit,77,77,0,In stock
202,28-07-26,Mumbai,Instamart,Dairy,Milk,Amul Taaza Toned Milk Tetrapack,1 lit,77,77,0,In stock
203,28-07-26,Pune,Instamart,Dairy,Milk,Amul Taaza Toned Milk Tetrapack,1 lit,77,77,0,In stock
204,28-07-26,Bengaluru,Instamart,Dairy,Milk,Amul Taaza Toned Milk Tetrapack,1 lit,77,77,0,In stock
205,28-07-26,Chennai,Instamart,Dairy,Milk,Amul Taaza Toned Milk Tetrapack,1 lit,77,77,0,In stock
206,28-07-26,Delhi,Zepto,Dairy,Milk,Amul Taaza Toned Milk Tetrapack,1 lit,77,77,0,In stock
207,28-07-26,Mumbai,Zepto,Dairy,Milk,Amul Taaza Toned Milk Tetrapack,1 lit,77,77,0,In stock
208,28-07-26,Pune,Zepto,Dairy,Milk,Amul Taaza Toned Milk Tetrapack,1 lit,77,77,0,In stock
209,28-07-26,Bengaluru,Zepto,Dairy,Milk,Amul Taaza Toned Milk Tetrapack,1 lit,77,77,0,In stock
210,28-07-26,Chennai,Zepto,Dairy,Milk,Amul Taaza Toned Milk Tetrapack,1 lit,77,,100,Out of stock
211,22-07-26,Delhi,Blinkit,Drinks and Beverages,Bottled water,Bisleri Packaged Water,1 lit,20,20,0,In stock
212,22-07-26,Mumbai,Blinkit,Drinks and Beverages,Bottled water,Bisleri Packaged Water,1 lit,20,20,0,In stock
213,22-07-26,Pune,Blinkit,Drinks and Beverages,Bottled water,Bisleri Packaged Water,1 lit,20,20,0,In stock
214,22-07-26,Bengaluru,Blinkit,Drinks and Beverages,Bottled water,Bisleri Packaged Water,1 lit,20,20,0,In stock
215,22-07-26,Chennai,Blinkit,Drinks and Beverages,Bottled water,Bisleri Packaged Water,1 lit,20,20,0,In stock
216,22-07-26,Mumbai,Instamart,Drinks and Beverages,Bottled water,Bisleri Packaged Water,1 lit,20,20,0,In stock
217,22-07-26,Pune,Instamart,Drinks and Beverages,Bottled water,Bisleri Packaged Water,1 lit,20,20,0,In stock
218,22-07-26,Bengaluru,Instamart,Drinks and Beverages,Bottled water,Bisleri Packaged Water,1 lit,20,20,0,In stock
219,22-07-26,Delhi,Zepto,Drinks and Beverages,Bottled water,Bisleri Packaged Water,1 lit,20,20,0,In stock
220,22-07-26,Pune,Zepto,Drinks and Beverages,Bottled water,Bisleri Packaged Water,1 lit,20,20,0,In stock
221,22-07-26,Bengaluru,Zepto,Drinks and Beverages,Bottled water,Bisleri Packaged Water,1 lit,20,20,0,In stock
222,22-07-26,Chennai,Zepto,Drinks and Beverages,Bottled water,Bisleri Packaged Water,1 lit,20,20,0,In stock
223,22-07-26,Delhi,Instamart,Drinks and Beverages,Bottled water,Bisleri Packaged Water,1 lit,20,,100,Out of stock
224,22-07-26,Chennai,Instamart,Drinks and Beverages,Bottled water,Bisleri Packaged Water,1 lit,20,,100,Out of stock
225,22-07-26,Mumbai,Zepto,Drinks and Beverages,Bottled water,Bisleri Packaged Water,1 lit,20,,100,Out of stock
226,23-07-26,Delhi,Blinkit,Drinks and Beverages,Bottled water,Bisleri Packaged Water,1 lit,20,20,0,In stock
438,23-07-26,Mumbai,Blinkit,Chocolates,Chocolate,Cadbury Dairy Milk Chocolate Bar,46 g,53,51,4,In stock
228,23-07-26,Pune,Blinkit,Drinks and Beverages,Bottled water,Bisleri Packaged Water,1 lit,20,20,0,In stock
229,23-07-26,Bengaluru,Blinkit,Drinks and Beverages,Bottled water,Bisleri Packaged Water,1 lit,20,20,0,In stock
230,23-07-26,Chennai,Blinkit,Drinks and Beverages,Bottled water,Bisleri Packaged Water,1 lit,20,20,0,In stock
231,23-07-26,Mumbai,Instamart,Drinks and Beverages,Bottled water,Bisleri Packaged Water,1 lit,20,20,0,In stock
232,23-07-26,Pune,Instamart,Drinks and Beverages,Bottled water,Bisleri Packaged Water,1 lit,20,20,0,In stock
233,23-07-26,Bengaluru,Instamart,Drinks and Beverages,Bottled water,Bisleri Packaged Water,1 lit,20,20,0,In stock
234,23-07-26,Delhi,Zepto,Drinks and Beverages,Bottled water,Bisleri Packaged Water,1 lit,20,20,0,In stock
235,23-07-26,Pune,Zepto,Drinks and Beverages,Bottled water,Bisleri Packaged Water,1 lit,20,20,0,In stock
236,23-07-26,Bengaluru,Zepto,Drinks and Beverages,Bottled water,Bisleri Packaged Water,1 lit,20,20,0,In stock
237,23-07-26,Delhi,Instamart,Drinks and Beverages,Bottled water,Bisleri Packaged Water,1 lit,20,,100,Out of stock
238,23-07-26,Chennai,Instamart,Drinks and Beverages,Bottled water,Bisleri Packaged Water,1 lit,20,,100,Out of stock
239,23-07-26,Mumbai,Zepto,Drinks and Beverages,Bottled water,Bisleri Packaged Water,1 lit,20,,100,Out of stock
240,23-07-26,Chennai,Zepto,Drinks and Beverages,Bottled water,Bisleri Packaged Water,1 lit,20,,100,Out of stock
241,24-07-26,Delhi,Blinkit,Drinks and Beverages,Bottled water,Bisleri Packaged Water,1 lit,20,20,0,In stock
547,23-07-26,Mumbai,Blinkit,Drinks and Beverages,Soft drink,Coca-Cola Cola Soft Drink,750 mL,40,39,3,In stock
243,24-07-26,Pune,Blinkit,Drinks and Beverages,Bottled water,Bisleri Packaged Water,1 lit,20,20,0,In stock
244,24-07-26,Bengaluru,Blinkit,Drinks and Beverages,Bottled water,Bisleri Packaged Water,1 lit,20,20,0,In stock
245,24-07-26,Chennai,Blinkit,Drinks and Beverages,Bottled water,Bisleri Packaged Water,1 lit,20,20,0,In stock
246,24-07-26,Delhi,Instamart,Drinks and Beverages,Bottled water,Bisleri Packaged Water,1 lit,20,20,0,In stock
247,24-07-26,Mumbai,Instamart,Drinks and Beverages,Bottled water,Bisleri Packaged Water,1 lit,20,20,0,In stock
248,24-07-26,Pune,Instamart,Drinks and Beverages,Bottled water,Bisleri Packaged Water,1 lit,20,20,0,In stock
249,24-07-26,Bengaluru,Instamart,Drinks and Beverages,Bottled water,Bisleri Packaged Water,1 lit,20,20,0,In stock
250,24-07-26,Delhi,Zepto,Drinks and Beverages,Bottled water,Bisleri Packaged Water,1 lit,20,20,0,In stock
251,24-07-26,Mumbai,Zepto,Drinks and Beverages,Bottled water,Bisleri Packaged Water,1 lit,20,20,0,In stock
252,24-07-26,Pune,Zepto,Drinks and Beverages,Bottled water,Bisleri Packaged Water,1 lit,20,20,0,In stock
253,24-07-26,Bengaluru,Zepto,Drinks and Beverages,Bottled water,Bisleri Packaged Water,1 lit,20,20,0,In stock
254,24-07-26,Chennai,Instamart,Drinks and Beverages,Bottled water,Bisleri Packaged Water,1 lit,20,,100,Out of stock
255,24-07-26,Chennai,Zepto,Drinks and Beverages,Bottled water,Bisleri Packaged Water,1 lit,20,,100,Out of stock
256,25-07-26,Delhi,Blinkit,Drinks and Beverages,Bottled water,Bisleri Packaged Water,1 lit,20,20,0,In stock
257,25-07-26,Mumbai,Blinkit,Drinks and Beverages,Bottled water,Bisleri Packaged Water,1 lit,20,20,0,In stock
258,25-07-26,Bengaluru,Blinkit,Drinks and Beverages,Bottled water,Bisleri Packaged Water,1 lit,20,20,0,In stock
259,25-07-26,Chennai,Blinkit,Drinks and Beverages,Bottled water,Bisleri Packaged Water,1 lit,20,20,0,In stock
260,25-07-26,Delhi,Instamart,Drinks and Beverages,Bottled water,Bisleri Packaged Water,1 lit,20,20,0,In stock
261,25-07-26,Mumbai,Instamart,Drinks and Beverages,Bottled water,Bisleri Packaged Water,1 lit,20,20,0,In stock
262,25-07-26,Pune,Instamart,Drinks and Beverages,Bottled water,Bisleri Packaged Water,1 lit,20,20,0,In stock
263,25-07-26,Bengaluru,Instamart,Drinks and Beverages,Bottled water,Bisleri Packaged Water,1 lit,20,20,0,In stock
264,25-07-26,Delhi,Zepto,Drinks and Beverages,Bottled water,Bisleri Packaged Water,1 lit,20,20,0,In stock
265,25-07-26,Mumbai,Zepto,Drinks and Beverages,Bottled water,Bisleri Packaged Water,1 lit,20,20,0,In stock
266,25-07-26,Pune,Zepto,Drinks and Beverages,Bottled water,Bisleri Packaged Water,1 lit,20,20,0,In stock
267,25-07-26,Bengaluru,Zepto,Drinks and Beverages,Bottled water,Bisleri Packaged Water,1 lit,20,20,0,In stock
268,25-07-26,Pune,Blinkit,Drinks and Beverages,Bottled water,Bisleri Packaged Water,1 lit,20,,100,Out of stock
269,25-07-26,Chennai,Instamart,Drinks and Beverages,Bottled water,Bisleri Packaged Water,1 lit,20,,100,Out of stock
270,25-07-26,Chennai,Zepto,Drinks and Beverages,Bottled water,Bisleri Packaged Water,1 lit,20,,100,Out of stock
271,26-07-26,Delhi,Blinkit,Drinks and Beverages,Bottled water,Bisleri Packaged Water,1 lit,20,20,0,In stock
272,26-07-26,Mumbai,Blinkit,Drinks and Beverages,Bottled water,Bisleri Packaged Water,1 lit,20,20,0,In stock
273,26-07-26,Pune,Blinkit,Drinks and Beverages,Bottled water,Bisleri Packaged Water,1 lit,20,20,0,In stock
274,26-07-26,Bengaluru,Blinkit,Drinks and Beverages,Bottled water,Bisleri Packaged Water,1 lit,20,20,0,In stock
275,26-07-26,Chennai,Blinkit,Drinks and Beverages,Bottled water,Bisleri Packaged Water,1 lit,20,20,0,In stock
276,26-07-26,Delhi,Instamart,Drinks and Beverages,Bottled water,Bisleri Packaged Water,1 lit,20,20,0,In stock
277,26-07-26,Pune,Instamart,Drinks and Beverages,Bottled water,Bisleri Packaged Water,1 lit,20,20,0,In stock
278,26-07-26,Bengaluru,Instamart,Drinks and Beverages,Bottled water,Bisleri Packaged Water,1 lit,20,20,0,In stock
279,26-07-26,Delhi,Zepto,Drinks and Beverages,Bottled water,Bisleri Packaged Water,1 lit,20,20,0,In stock
280,26-07-26,Mumbai,Zepto,Drinks and Beverages,Bottled water,Bisleri Packaged Water,1 lit,20,20,0,In stock
281,26-07-26,Pune,Zepto,Drinks and Beverages,Bottled water,Bisleri Packaged Water,1 lit,20,20,0,In stock
282,26-07-26,Bengaluru,Zepto,Drinks and Beverages,Bottled water,Bisleri Packaged Water,1 lit,20,20,0,In stock
283,26-07-26,Mumbai,Instamart,Drinks and Beverages,Bottled water,Bisleri Packaged Water,1 lit,20,,100,Out of stock
284,26-07-26,Chennai,Instamart,Drinks and Beverages,Bottled water,Bisleri Packaged Water,1 lit,20,,100,Out of stock
285,26-07-26,Chennai,Zepto,Drinks and Beverages,Bottled water,Bisleri Packaged Water,1 lit,20,,100,Out of stock
286,27-07-26,Delhi,Blinkit,Drinks and Beverages,Bottled water,Bisleri Packaged Water,1 lit,20,20,0,In stock
287,27-07-26,Mumbai,Blinkit,Drinks and Beverages,Bottled water,Bisleri Packaged Water,1 lit,20,20,0,In stock
288,27-07-26,Pune,Blinkit,Drinks and Beverages,Bottled water,Bisleri Packaged Water,1 lit,20,20,0,In stock
289,27-07-26,Bengaluru,Blinkit,Drinks and Beverages,Bottled water,Bisleri Packaged Water,1 lit,20,20,0,In stock
290,27-07-26,Chennai,Blinkit,Drinks and Beverages,Bottled water,Bisleri Packaged Water,1 lit,20,20,0,In stock
291,27-07-26,Delhi,Instamart,Drinks and Beverages,Bottled water,Bisleri Packaged Water,1 lit,20,20,0,In stock
292,27-07-26,Pune,Instamart,Drinks and Beverages,Bottled water,Bisleri Packaged Water,1 lit,20,20,0,In stock
293,27-07-26,Bengaluru,Instamart,Drinks and Beverages,Bottled water,Bisleri Packaged Water,1 lit,20,20,0,In stock
294,27-07-26,Delhi,Zepto,Drinks and Beverages,Bottled water,Bisleri Packaged Water,1 lit,20,20,0,In stock
295,27-07-26,Mumbai,Zepto,Drinks and Beverages,Bottled water,Bisleri Packaged Water,1 lit,20,20,0,In stock
296,27-07-26,Pune,Zepto,Drinks and Beverages,Bottled water,Bisleri Packaged Water,1 lit,20,20,0,In stock
297,27-07-26,Bengaluru,Zepto,Drinks and Beverages,Bottled water,Bisleri Packaged Water,1 lit,20,20,0,In stock
298,27-07-26,Chennai,Zepto,Drinks and Beverages,Bottled water,Bisleri Packaged Water,1 lit,20,20,0,In stock
299,27-07-26,Mumbai,Instamart,Drinks and Beverages,Bottled water,Bisleri Packaged Water,1 lit,20,,100,Out of stock
300,27-07-26,Chennai,Instamart,Drinks and Beverages,Bottled water,Bisleri Packaged Water,1 lit,20,,100,Out of stock
301,28-07-26,Delhi,Blinkit,Drinks and Beverages,Bottled water,Bisleri Packaged Water,1 lit,20,20,0,In stock
302,28-07-26,Mumbai,Blinkit,Drinks and Beverages,Bottled water,Bisleri Packaged Water,1 lit,20,20,0,In stock
303,28-07-26,Pune,Blinkit,Drinks and Beverages,Bottled water,Bisleri Packaged Water,1 lit,20,20,0,In stock
304,28-07-26,Bengaluru,Blinkit,Drinks and Beverages,Bottled water,Bisleri Packaged Water,1 lit,20,20,0,In stock
305,28-07-26,Chennai,Blinkit,Drinks and Beverages,Bottled water,Bisleri Packaged Water,1 lit,20,20,0,In stock
306,28-07-26,Delhi,Instamart,Drinks and Beverages,Bottled water,Bisleri Packaged Water,1 lit,20,20,0,In stock
307,28-07-26,Pune,Instamart,Drinks and Beverages,Bottled water,Bisleri Packaged Water,1 lit,20,20,0,In stock
308,28-07-26,Bengaluru,Instamart,Drinks and Beverages,Bottled water,Bisleri Packaged Water,1 lit,20,20,0,In stock
309,28-07-26,Delhi,Zepto,Drinks and Beverages,Bottled water,Bisleri Packaged Water,1 lit,20,20,0,In stock
310,28-07-26,Mumbai,Zepto,Drinks and Beverages,Bottled water,Bisleri Packaged Water,1 lit,20,20,0,In stock
311,28-07-26,Pune,Zepto,Drinks and Beverages,Bottled water,Bisleri Packaged Water,1 lit,20,20,0,In stock
312,28-07-26,Bengaluru,Zepto,Drinks and Beverages,Bottled water,Bisleri Packaged Water,1 lit,20,20,0,In stock
313,28-07-26,Chennai,Zepto,Drinks and Beverages,Bottled water,Bisleri Packaged Water,1 lit,20,20,0,In stock
314,28-07-26,Mumbai,Instamart,Drinks and Beverages,Bottled water,Bisleri Packaged Water,1 lit,20,,100,Out of stock
315,28-07-26,Chennai,Instamart,Drinks and Beverages,Bottled water,Bisleri Packaged Water,1 lit,20,,100,Out of stock
316,22-07-26,Mumbai,Blinkit,Drinks and Beverages,Tea,Brooke Bond Red Label Tea,250 g,155,155,0,In stock
317,22-07-26,Pune,Blinkit,Drinks and Beverages,Tea,Brooke Bond Red Label Tea,250 g,160,160,0,In stock
318,22-07-26,Delhi,Instamart,Drinks and Beverages,Tea,Brooke Bond Red Label Tea,250 g,125,125,0,In stock
319,22-07-26,Mumbai,Instamart,Drinks and Beverages,Tea,Brooke Bond Red Label Tea,250 g,155,155,0,In stock
320,22-07-26,Pune,Instamart,Drinks and Beverages,Tea,Brooke Bond Red Label Tea,250 g,155,155,0,In stock
321,22-07-26,Chennai,Instamart,Drinks and Beverages,Tea,Brooke Bond Red Label Tea,250 g,140,140,0,In stock
322,22-07-26,Delhi,Zepto,Drinks and Beverages,Tea,Brooke Bond Red Label Tea,250 g,125,116,7,In stock
323,22-07-26,Mumbai,Zepto,Drinks and Beverages,Tea,Brooke Bond Red Label Tea,250 g,155,146,6,In stock
324,22-07-26,Pune,Zepto,Drinks and Beverages,Tea,Brooke Bond Red Label Tea,250 g,160,141,12,In stock
325,22-07-26,Bengaluru,Zepto,Drinks and Beverages,Tea,Brooke Bond Red Label Tea,250 g,145,122,16,In stock
326,22-07-26,Chennai,Zepto,Drinks and Beverages,Tea,Brooke Bond Red Label Tea,250 g,140,136,3,In stock
327,22-07-26,Delhi,Blinkit,Drinks and Beverages,Tea,Brooke Bond Red Label Tea,250 g,155,,100,Out of stock
328,22-07-26,Bengaluru,Blinkit,Drinks and Beverages,Tea,Brooke Bond Red Label Tea,250 g,155,,100,Out of stock
329,22-07-26,Chennai,Blinkit,Drinks and Beverages,Tea,Brooke Bond Red Label Tea,250 g,155,,100,Out of stock
330,22-07-26,Bengaluru,Instamart,Drinks and Beverages,Tea,Brooke Bond Red Label Tea,250 g,140,,100,Out of stock
647,23-07-26,Mumbai,Blinkit,Cleaning,Antiseptic liquid,Dettol Antiseptic Liquid,750 g,364,364,0,In stock
332,23-07-26,Pune,Blinkit,Drinks and Beverages,Tea,Brooke Bond Red Label Tea,250 g,160,160,0,In stock
333,23-07-26,Delhi,Instamart,Drinks and Beverages,Tea,Brooke Bond Red Label Tea,250 g,125,125,0,In stock
334,23-07-26,Mumbai,Instamart,Drinks and Beverages,Tea,Brooke Bond Red Label Tea,250 g,155,155,0,In stock
335,23-07-26,Pune,Instamart,Drinks and Beverages,Tea,Brooke Bond Red Label Tea,250 g,155,155,0,In stock
336,23-07-26,Bengaluru,Instamart,Drinks and Beverages,Tea,Brooke Bond Red Label Tea,250 g,140,140,0,In stock
337,23-07-26,Chennai,Instamart,Drinks and Beverages,Tea,Brooke Bond Red Label Tea,250 g,140,140,0,In stock
338,23-07-26,Delhi,Zepto,Drinks and Beverages,Tea,Brooke Bond Red Label Tea,250 g,125,116,7,In stock
339,23-07-26,Pune,Zepto,Drinks and Beverages,Tea,Brooke Bond Red Label Tea,250 g,155,141,9,In stock
340,23-07-26,Bengaluru,Zepto,Drinks and Beverages,Tea,Brooke Bond Red Label Tea,250 g,140,122,13,In stock
341,23-07-26,Chennai,Zepto,Drinks and Beverages,Tea,Brooke Bond Red Label Tea,250 g,140,134,4,In stock
342,23-07-26,Delhi,Blinkit,Drinks and Beverages,Tea,Brooke Bond Red Label Tea,250 g,155,,100,Out of stock
343,23-07-26,Bengaluru,Blinkit,Drinks and Beverages,Tea,Brooke Bond Red Label Tea,250 g,155,,100,Out of stock
344,23-07-26,Chennai,Blinkit,Drinks and Beverages,Tea,Brooke Bond Red Label Tea,250 g,155,,100,Out of stock
345,23-07-26,Mumbai,Zepto,Drinks and Beverages,Tea,Brooke Bond Red Label Tea,250 g,155,,100,Out of stock
752,23-07-26,Mumbai,Blinkit,Personal hygiene,Handwash,Dettol Original Hand Wash Refill,675 mL,109,97,11,In stock
347,24-07-26,Pune,Blinkit,Drinks and Beverages,Tea,Brooke Bond Red Label Tea,250 g,160,160,0,In stock
348,24-07-26,Delhi,Instamart,Drinks and Beverages,Tea,Brooke Bond Red Label Tea,250 g,125,125,0,In stock
349,24-07-26,Mumbai,Instamart,Drinks and Beverages,Tea,Brooke Bond Red Label Tea,250 g,155,155,0,In stock
350,24-07-26,Pune,Instamart,Drinks and Beverages,Tea,Brooke Bond Red Label Tea,250 g,155,155,0,In stock
351,24-07-26,Bengaluru,Instamart,Drinks and Beverages,Tea,Brooke Bond Red Label Tea,250 g,140,140,0,In stock
352,24-07-26,Chennai,Instamart,Drinks and Beverages,Tea,Brooke Bond Red Label Tea,250 g,140,140,0,In stock
353,24-07-26,Delhi,Zepto,Drinks and Beverages,Tea,Brooke Bond Red Label Tea,250 g,125,117,6,In stock
354,24-07-26,Mumbai,Zepto,Drinks and Beverages,Tea,Brooke Bond Red Label Tea,250 g,155,131,15,In stock
355,24-07-26,Pune,Zepto,Drinks and Beverages,Tea,Brooke Bond Red Label Tea,250 g,155,141,9,In stock
356,24-07-26,Bengaluru,Zepto,Drinks and Beverages,Tea,Brooke Bond Red Label Tea,250 g,140,124,11,In stock
357,24-07-26,Chennai,Zepto,Drinks and Beverages,Tea,Brooke Bond Red Label Tea,250 g,140,134,4,In stock
358,24-07-26,Delhi,Blinkit,Drinks and Beverages,Tea,Brooke Bond Red Label Tea,250 g,155,,100,Out of stock
359,24-07-26,Bengaluru,Blinkit,Drinks and Beverages,Tea,Brooke Bond Red Label Tea,250 g,155,,100,Out of stock
360,24-07-26,Chennai,Blinkit,Drinks and Beverages,Tea,Brooke Bond Red Label Tea,250 g,155,,100,Out of stock
361,25-07-26,Mumbai,Blinkit,Drinks and Beverages,Tea,Brooke Bond Red Label Tea,250 g,155,155,0,In stock
362,25-07-26,Pune,Blinkit,Drinks and Beverages,Tea,Brooke Bond Red Label Tea,250 g,160,160,0,In stock
363,25-07-26,Delhi,Instamart,Drinks and Beverages,Tea,Brooke Bond Red Label Tea,250 g,125,125,0,In stock
364,25-07-26,Mumbai,Instamart,Drinks and Beverages,Tea,Brooke Bond Red Label Tea,250 g,155,155,0,In stock
365,25-07-26,Pune,Instamart,Drinks and Beverages,Tea,Brooke Bond Red Label Tea,250 g,155,155,0,In stock
366,25-07-26,Bengaluru,Instamart,Drinks and Beverages,Tea,Brooke Bond Red Label Tea,250 g,140,140,0,In stock
367,25-07-26,Chennai,Instamart,Drinks and Beverages,Tea,Brooke Bond Red Label Tea,250 g,140,140,0,In stock
368,25-07-26,Delhi,Zepto,Drinks and Beverages,Tea,Brooke Bond Red Label Tea,250 g,125,117,6,In stock
369,25-07-26,Bengaluru,Zepto,Drinks and Beverages,Tea,Brooke Bond Red Label Tea,250 g,145,124,14,In stock
370,25-07-26,Chennai,Zepto,Drinks and Beverages,Tea,Brooke Bond Red Label Tea,250 g,140,134,4,In stock
371,25-07-26,Delhi,Blinkit,Drinks and Beverages,Tea,Brooke Bond Red Label Tea,250 g,155,,100,Out of stock
372,25-07-26,Bengaluru,Blinkit,Drinks and Beverages,Tea,Brooke Bond Red Label Tea,250 g,155,,100,Out of stock
373,25-07-26,Chennai,Blinkit,Drinks and Beverages,Tea,Brooke Bond Red Label Tea,250 g,155,,100,Out of stock
374,25-07-26,Mumbai,Zepto,Drinks and Beverages,Tea,Brooke Bond Red Label Tea,250 g,155,,100,Out of stock
375,25-07-26,Pune,Zepto,Drinks and Beverages,Tea,Brooke Bond Red Label Tea,250 g,155,,100,Out of stock
376,26-07-26,Mumbai,Blinkit,Drinks and Beverages,Tea,Brooke Bond Red Label Tea,250 g,155,155,0,In stock
377,26-07-26,Pune,Blinkit,Drinks and Beverages,Tea,Brooke Bond Red Label Tea,250 g,160,160,0,In stock
378,26-07-26,Delhi,Instamart,Drinks and Beverages,Tea,Brooke Bond Red Label Tea,250 g,125,125,0,In stock
379,26-07-26,Mumbai,Instamart,Drinks and Beverages,Tea,Brooke Bond Red Label Tea,250 g,155,155,0,In stock
380,26-07-26,Pune,Instamart,Drinks and Beverages,Tea,Brooke Bond Red Label Tea,250 g,155,155,0,In stock
381,26-07-26,Bengaluru,Instamart,Drinks and Beverages,Tea,Brooke Bond Red Label Tea,250 g,140,140,0,In stock
382,26-07-26,Chennai,Instamart,Drinks and Beverages,Tea,Brooke Bond Red Label Tea,250 g,140,140,0,In stock
383,26-07-26,Delhi,Zepto,Drinks and Beverages,Tea,Brooke Bond Red Label Tea,250 g,125,117,6,In stock
384,26-07-26,Mumbai,Zepto,Drinks and Beverages,Tea,Brooke Bond Red Label Tea,250 g,155,132,15,In stock
385,26-07-26,Pune,Zepto,Drinks and Beverages,Tea,Brooke Bond Red Label Tea,250 g,160,141,12,In stock
386,26-07-26,Bengaluru,Zepto,Drinks and Beverages,Tea,Brooke Bond Red Label Tea,250 g,145,124,14,In stock
387,26-07-26,Chennai,Zepto,Drinks and Beverages,Tea,Brooke Bond Red Label Tea,250 g,140,134,4,In stock
388,26-07-26,Delhi,Blinkit,Drinks and Beverages,Tea,Brooke Bond Red Label Tea,250 g,155,,100,Out of stock
389,26-07-26,Bengaluru,Blinkit,Drinks and Beverages,Tea,Brooke Bond Red Label Tea,250 g,155,,100,Out of stock
390,26-07-26,Chennai,Blinkit,Drinks and Beverages,Tea,Brooke Bond Red Label Tea,250 g,155,,100,Out of stock
391,27-07-26,Mumbai,Blinkit,Drinks and Beverages,Tea,Brooke Bond Red Label Tea,250 g,155,155,0,In stock
392,27-07-26,Pune,Blinkit,Drinks and Beverages,Tea,Brooke Bond Red Label Tea,250 g,160,160,0,In stock
393,27-07-26,Delhi,Instamart,Drinks and Beverages,Tea,Brooke Bond Red Label Tea,250 g,125,125,0,In stock
394,27-07-26,Mumbai,Instamart,Drinks and Beverages,Tea,Brooke Bond Red Label Tea,250 g,155,155,0,In stock
395,27-07-26,Pune,Instamart,Drinks and Beverages,Tea,Brooke Bond Red Label Tea,250 g,155,155,0,In stock
396,27-07-26,Bengaluru,Instamart,Drinks and Beverages,Tea,Brooke Bond Red Label Tea,250 g,140,140,0,In stock
397,27-07-26,Chennai,Instamart,Drinks and Beverages,Tea,Brooke Bond Red Label Tea,250 g,140,140,0,In stock
398,27-07-26,Delhi,Zepto,Drinks and Beverages,Tea,Brooke Bond Red Label Tea,250 g,125,117,6,In stock
399,27-07-26,Mumbai,Zepto,Drinks and Beverages,Tea,Brooke Bond Red Label Tea,250 g,155,132,15,In stock
400,27-07-26,Pune,Zepto,Drinks and Beverages,Tea,Brooke Bond Red Label Tea,250 g,160,141,12,In stock
401,27-07-26,Bengaluru,Zepto,Drinks and Beverages,Tea,Brooke Bond Red Label Tea,250 g,145,122,16,In stock
402,27-07-26,Chennai,Zepto,Drinks and Beverages,Tea,Brooke Bond Red Label Tea,250 g,140,135,4,In stock
403,27-07-26,Delhi,Blinkit,Drinks and Beverages,Tea,Brooke Bond Red Label Tea,250 g,155,,100,Out of stock
404,27-07-26,Bengaluru,Blinkit,Drinks and Beverages,Tea,Brooke Bond Red Label Tea,250 g,155,,100,Out of stock
405,27-07-26,Chennai,Blinkit,Drinks and Beverages,Tea,Brooke Bond Red Label Tea,250 g,155,,100,Out of stock
406,28-07-26,Mumbai,Blinkit,Drinks and Beverages,Tea,Brooke Bond Red Label Tea,250 g,155,155,0,In stock
407,28-07-26,Pune,Blinkit,Drinks and Beverages,Tea,Brooke Bond Red Label Tea,250 g,160,160,0,In stock
408,28-07-26,Delhi,Instamart,Drinks and Beverages,Tea,Brooke Bond Red Label Tea,250 g,125,125,0,In stock
409,28-07-26,Mumbai,Instamart,Drinks and Beverages,Tea,Brooke Bond Red Label Tea,250 g,155,155,0,In stock
410,28-07-26,Pune,Instamart,Drinks and Beverages,Tea,Brooke Bond Red Label Tea,250 g,155,155,0,In stock
411,28-07-26,Bengaluru,Instamart,Drinks and Beverages,Tea,Brooke Bond Red Label Tea,250 g,140,140,0,In stock
412,28-07-26,Chennai,Instamart,Drinks and Beverages,Tea,Brooke Bond Red Label Tea,250 g,140,140,0,In stock
413,28-07-26,Delhi,Zepto,Drinks and Beverages,Tea,Brooke Bond Red Label Tea,250 g,125,117,6,In stock
414,28-07-26,Mumbai,Zepto,Drinks and Beverages,Tea,Brooke Bond Red Label Tea,250 g,155,132,15,In stock
415,28-07-26,Pune,Zepto,Drinks and Beverages,Tea,Brooke Bond Red Label Tea,250 g,160,141,12,In stock
416,28-07-26,Bengaluru,Zepto,Drinks and Beverages,Tea,Brooke Bond Red Label Tea,250 g,140,122,13,In stock
417,28-07-26,Chennai,Zepto,Drinks and Beverages,Tea,Brooke Bond Red Label Tea,250 g,140,135,4,In stock
418,28-07-26,Delhi,Blinkit,Drinks and Beverages,Tea,Brooke Bond Red Label Tea,250 g,155,,100,Out of stock
419,28-07-26,Bengaluru,Blinkit,Drinks and Beverages,Tea,Brooke Bond Red Label Tea,250 g,155,,100,Out of stock
420,28-07-26,Chennai,Blinkit,Drinks and Beverages,Tea,Brooke Bond Red Label Tea,250 g,155,,100,Out of stock
421,22-07-26,Delhi,Blinkit,Chocolates,Chocolate,Cadbury Dairy Milk Chocolate Bar,46 g,53,51,4,In stock
422,22-07-26,Mumbai,Blinkit,Chocolates,Chocolate,Cadbury Dairy Milk Chocolate Bar,46 g,53,51,4,In stock
423,22-07-26,Pune,Blinkit,Chocolates,Chocolate,Cadbury Dairy Milk Chocolate Bar,46 g,53,51,4,In stock
424,22-07-26,Bengaluru,Blinkit,Chocolates,Chocolate,Cadbury Dairy Milk Chocolate Bar,46 g,53,51,4,In stock
425,22-07-26,Chennai,Blinkit,Chocolates,Chocolate,Cadbury Dairy Milk Chocolate Bar,46 g,53,51,4,In stock
426,22-07-26,Delhi,Instamart,Chocolates,Chocolate,Cadbury Dairy Milk Chocolate Bar,46 g,53,51,4,In stock
427,22-07-26,Pune,Instamart,Chocolates,Chocolate,Cadbury Dairy Milk Chocolate Bar,46 g,53,51,4,In stock
428,22-07-26,Bengaluru,Instamart,Chocolates,Chocolate,Cadbury Dairy Milk Chocolate Bar,46 g,53,51,4,In stock
429,22-07-26,Chennai,Instamart,Chocolates,Chocolate,Cadbury Dairy Milk Chocolate Bar,46 g,53,51,4,In stock
430,22-07-26,Delhi,Zepto,Chocolates,Chocolate,Cadbury Dairy Milk Chocolate Bar,46 g,53,49,8,In stock
431,22-07-26,Bengaluru,Zepto,Chocolates,Chocolate,Cadbury Dairy Milk Chocolate Bar,46 g,53,45,15,In stock
432,22-07-26,Chennai,Zepto,Chocolates,Chocolate,Cadbury Dairy Milk Chocolate Bar,46 g,53,48,9,In stock
433,22-07-26,Mumbai,Instamart,Chocolates,Chocolate,Cadbury Dairy Milk Chocolate Bar,46 g,53,,100,Out of stock
434,22-07-26,Mumbai,Zepto,Chocolates,Chocolate,Cadbury Dairy Milk Chocolate Bar,46 g,53,,100,Out of stock
435,22-07-26,Pune,Zepto,Chocolates,Chocolate,Cadbury Dairy Milk Chocolate Bar,46 g,53,,100,Out of stock
436,23-07-26,Mumbai,Zepto,Chocolates,Chocolate,Cadbury Dairy Milk Chocolate Bar,46 g,53,46,13,In stock
437,23-07-26,Delhi,Blinkit,Chocolates,Chocolate,Cadbury Dairy Milk Chocolate Bar,46 g,53,51,4,In stock
857,23-07-26,Mumbai,Blinkit,Staples,Wheat flour,"Fortune Fresh (100 Atta, 0 Maida) Chakki Atta",5 kg,277,213,23,In stock
439,23-07-26,Pune,Blinkit,Chocolates,Chocolate,Cadbury Dairy Milk Chocolate Bar,46 g,53,51,4,In stock
440,23-07-26,Bengaluru,Blinkit,Chocolates,Chocolate,Cadbury Dairy Milk Chocolate Bar,46 g,53,51,4,In stock
441,23-07-26,Chennai,Blinkit,Chocolates,Chocolate,Cadbury Dairy Milk Chocolate Bar,46 g,53,51,4,In stock
442,23-07-26,Delhi,Instamart,Chocolates,Chocolate,Cadbury Dairy Milk Chocolate Bar,46 g,53,51,4,In stock
443,23-07-26,Pune,Instamart,Chocolates,Chocolate,Cadbury Dairy Milk Chocolate Bar,46 g,53,51,4,In stock
444,23-07-26,Bengaluru,Instamart,Chocolates,Chocolate,Cadbury Dairy Milk Chocolate Bar,46 g,53,51,4,In stock
445,23-07-26,Chennai,Instamart,Chocolates,Chocolate,Cadbury Dairy Milk Chocolate Bar,46 g,53,51,4,In stock
446,23-07-26,Delhi,Zepto,Chocolates,Chocolate,Cadbury Dairy Milk Chocolate Bar,46 g,53,49,8,In stock
447,23-07-26,Pune,Zepto,Chocolates,Chocolate,Cadbury Dairy Milk Chocolate Bar,46 g,53,49,8,In stock
448,23-07-26,Bengaluru,Zepto,Chocolates,Chocolate,Cadbury Dairy Milk Chocolate Bar,46 g,53,45,15,In stock
449,23-07-26,Mumbai,Instamart,Chocolates,Chocolate,Cadbury Dairy Milk Chocolate Bar,46 g,53,,100,Out of stock
450,23-07-26,Chennai,Zepto,Chocolates,Chocolate,Cadbury Dairy Milk Chocolate Bar,46 g,53,,100,Out of stock
451,24-07-26,Delhi,Blinkit,Chocolates,Chocolate,Cadbury Dairy Milk Chocolate Bar,46 g,53,51,4,In stock
962,23-07-26,Mumbai,Blinkit,Staples,Rice,India gate super basmati rice extra long grain,5 kg,1082,837,23,In stock
453,24-07-26,Pune,Blinkit,Chocolates,Chocolate,Cadbury Dairy Milk Chocolate Bar,46 g,53,51,4,In stock
454,24-07-26,Bengaluru,Blinkit,Chocolates,Chocolate,Cadbury Dairy Milk Chocolate Bar,46 g,53,51,4,In stock
455,24-07-26,Chennai,Blinkit,Chocolates,Chocolate,Cadbury Dairy Milk Chocolate Bar,46 g,53,51,4,In stock
456,24-07-26,Delhi,Instamart,Chocolates,Chocolate,Cadbury Dairy Milk Chocolate Bar,46 g,53,51,4,In stock
457,24-07-26,Pune,Instamart,Chocolates,Chocolate,Cadbury Dairy Milk Chocolate Bar,46 g,53,51,4,In stock
458,24-07-26,Bengaluru,Instamart,Chocolates,Chocolate,Cadbury Dairy Milk Chocolate Bar,46 g,53,51,4,In stock
459,24-07-26,Chennai,Instamart,Chocolates,Chocolate,Cadbury Dairy Milk Chocolate Bar,46 g,53,51,4,In stock
460,24-07-26,Delhi,Zepto,Chocolates,Chocolate,Cadbury Dairy Milk Chocolate Bar,46 g,53,49,8,In stock
461,24-07-26,Mumbai,Zepto,Chocolates,Chocolate,Cadbury Dairy Milk Chocolate Bar,46 g,53,46,13,In stock
462,24-07-26,Pune,Zepto,Chocolates,Chocolate,Cadbury Dairy Milk Chocolate Bar,46 g,53,49,8,In stock
463,24-07-26,Bengaluru,Zepto,Chocolates,Chocolate,Cadbury Dairy Milk Chocolate Bar,46 g,53,45,15,In stock
464,24-07-26,Chennai,Zepto,Chocolates,Chocolate,Cadbury Dairy Milk Chocolate Bar,46 g,53,49,8,In stock
465,24-07-26,Mumbai,Instamart,Chocolates,Chocolate,Cadbury Dairy Milk Chocolate Bar,46 g,53,,100,Out of stock
466,25-07-26,Delhi,Blinkit,Chocolates,Chocolate,Cadbury Dairy Milk Chocolate Bar,46 g,53,51,4,In stock
467,25-07-26,Mumbai,Blinkit,Chocolates,Chocolate,Cadbury Dairy Milk Chocolate Bar,46 g,53,51,4,In stock
468,25-07-26,Pune,Blinkit,Chocolates,Chocolate,Cadbury Dairy Milk Chocolate Bar,46 g,53,51,4,In stock
469,25-07-26,Bengaluru,Blinkit,Chocolates,Chocolate,Cadbury Dairy Milk Chocolate Bar,46 g,53,51,4,In stock
470,25-07-26,Chennai,Blinkit,Chocolates,Chocolate,Cadbury Dairy Milk Chocolate Bar,46 g,53,51,4,In stock
471,25-07-26,Delhi,Instamart,Chocolates,Chocolate,Cadbury Dairy Milk Chocolate Bar,46 g,53,51,4,In stock
472,25-07-26,Pune,Instamart,Chocolates,Chocolate,Cadbury Dairy Milk Chocolate Bar,46 g,53,51,4,In stock
473,25-07-26,Chennai,Instamart,Chocolates,Chocolate,Cadbury Dairy Milk Chocolate Bar,46 g,53,51,4,In stock
474,25-07-26,Delhi,Zepto,Chocolates,Chocolate,Cadbury Dairy Milk Chocolate Bar,46 g,53,49,8,In stock
475,25-07-26,Mumbai,Zepto,Chocolates,Chocolate,Cadbury Dairy Milk Chocolate Bar,46 g,53,46,13,In stock
476,25-07-26,Pune,Zepto,Chocolates,Chocolate,Cadbury Dairy Milk Chocolate Bar,46 g,53,49,8,In stock
477,25-07-26,Bengaluru,Zepto,Chocolates,Chocolate,Cadbury Dairy Milk Chocolate Bar,46 g,53,45,15,In stock
478,25-07-26,Chennai,Zepto,Chocolates,Chocolate,Cadbury Dairy Milk Chocolate Bar,46 g,53,48,9,In stock
479,25-07-26,Mumbai,Instamart,Chocolates,Chocolate,Cadbury Dairy Milk Chocolate Bar,46 g,53,,100,Out of stock
480,25-07-26,Bengaluru,Instamart,Chocolates,Chocolate,Cadbury Dairy Milk Chocolate Bar,46 g,53,,100,Out of stock
481,26-07-26,Delhi,Blinkit,Chocolates,Chocolate,Cadbury Dairy Milk Chocolate Bar,46 g,53,51,4,In stock
482,26-07-26,Mumbai,Blinkit,Chocolates,Chocolate,Cadbury Dairy Milk Chocolate Bar,46 g,53,51,4,In stock
483,26-07-26,Pune,Blinkit,Chocolates,Chocolate,Cadbury Dairy Milk Chocolate Bar,46 g,53,51,4,In stock
484,26-07-26,Bengaluru,Blinkit,Chocolates,Chocolate,Cadbury Dairy Milk Chocolate Bar,46 g,53,51,4,In stock
485,26-07-26,Chennai,Blinkit,Chocolates,Chocolate,Cadbury Dairy Milk Chocolate Bar,46 g,53,51,4,In stock
486,26-07-26,Delhi,Instamart,Chocolates,Chocolate,Cadbury Dairy Milk Chocolate Bar,46 g,53,51,4,In stock
487,26-07-26,Pune,Instamart,Chocolates,Chocolate,Cadbury Dairy Milk Chocolate Bar,46 g,53,51,4,In stock
488,26-07-26,Chennai,Instamart,Chocolates,Chocolate,Cadbury Dairy Milk Chocolate Bar,46 g,53,51,4,In stock
489,26-07-26,Delhi,Zepto,Chocolates,Chocolate,Cadbury Dairy Milk Chocolate Bar,46 g,53,49,8,In stock
490,26-07-26,Mumbai,Zepto,Chocolates,Chocolate,Cadbury Dairy Milk Chocolate Bar,46 g,53,46,13,In stock
491,26-07-26,Pune,Zepto,Chocolates,Chocolate,Cadbury Dairy Milk Chocolate Bar,46 g,53,49,8,In stock
492,26-07-26,Bengaluru,Zepto,Chocolates,Chocolate,Cadbury Dairy Milk Chocolate Bar,46 g,53,45,15,In stock
493,26-07-26,Chennai,Zepto,Chocolates,Chocolate,Cadbury Dairy Milk Chocolate Bar,46 g,53,48,9,In stock
494,26-07-26,Mumbai,Instamart,Chocolates,Chocolate,Cadbury Dairy Milk Chocolate Bar,46 g,53,,100,Out of stock
495,26-07-26,Bengaluru,Instamart,Chocolates,Chocolate,Cadbury Dairy Milk Chocolate Bar,46 g,53,,100,Out of stock
496,27-07-26,Delhi,Blinkit,Chocolates,Chocolate,Cadbury Dairy Milk Chocolate Bar,46 g,53,51,4,In stock
497,27-07-26,Mumbai,Blinkit,Chocolates,Chocolate,Cadbury Dairy Milk Chocolate Bar,46 g,53,51,4,In stock
498,27-07-26,Pune,Blinkit,Chocolates,Chocolate,Cadbury Dairy Milk Chocolate Bar,46 g,53,51,4,In stock
499,27-07-26,Bengaluru,Blinkit,Chocolates,Chocolate,Cadbury Dairy Milk Chocolate Bar,46 g,53,51,4,In stock
500,27-07-26,Chennai,Blinkit,Chocolates,Chocolate,Cadbury Dairy Milk Chocolate Bar,46 g,53,51,4,In stock
501,27-07-26,Delhi,Instamart,Chocolates,Chocolate,Cadbury Dairy Milk Chocolate Bar,46 g,53,51,4,In stock
502,27-07-26,Pune,Instamart,Chocolates,Chocolate,Cadbury Dairy Milk Chocolate Bar,46 g,53,51,4,In stock
503,27-07-26,Chennai,Instamart,Chocolates,Chocolate,Cadbury Dairy Milk Chocolate Bar,46 g,53,51,4,In stock
504,27-07-26,Mumbai,Zepto,Chocolates,Chocolate,Cadbury Dairy Milk Chocolate Bar,46 g,53,46,13,In stock
505,27-07-26,Pune,Zepto,Chocolates,Chocolate,Cadbury Dairy Milk Chocolate Bar,46 g,53,49,8,In stock
506,27-07-26,Bengaluru,Zepto,Chocolates,Chocolate,Cadbury Dairy Milk Chocolate Bar,46 g,53,45,15,In stock
507,27-07-26,Chennai,Zepto,Chocolates,Chocolate,Cadbury Dairy Milk Chocolate Bar,46 g,53,48,9,In stock
508,27-07-26,Mumbai,Instamart,Chocolates,Chocolate,Cadbury Dairy Milk Chocolate Bar,46 g,53,,100,Out of stock
509,27-07-26,Bengaluru,Instamart,Chocolates,Chocolate,Cadbury Dairy Milk Chocolate Bar,46 g,53,,100,Out of stock
510,27-07-26,Delhi,Zepto,Chocolates,Chocolate,Cadbury Dairy Milk Chocolate Bar,46 g,53,,100,Out of stock
511,28-07-26,Delhi,Blinkit,Chocolates,Chocolate,Cadbury Dairy Milk Chocolate Bar,46 g,53,51,4,In stock
512,28-07-26,Mumbai,Blinkit,Chocolates,Chocolate,Cadbury Dairy Milk Chocolate Bar,46 g,53,51,4,In stock
513,28-07-26,Pune,Blinkit,Chocolates,Chocolate,Cadbury Dairy Milk Chocolate Bar,46 g,53,51,4,In stock
514,28-07-26,Bengaluru,Blinkit,Chocolates,Chocolate,Cadbury Dairy Milk Chocolate Bar,46 g,53,51,4,In stock
515,28-07-26,Chennai,Blinkit,Chocolates,Chocolate,Cadbury Dairy Milk Chocolate Bar,46 g,53,51,4,In stock
516,28-07-26,Delhi,Instamart,Chocolates,Chocolate,Cadbury Dairy Milk Chocolate Bar,46 g,53,51,4,In stock
517,28-07-26,Pune,Instamart,Chocolates,Chocolate,Cadbury Dairy Milk Chocolate Bar,46 g,53,51,4,In stock
518,28-07-26,Bengaluru,Instamart,Chocolates,Chocolate,Cadbury Dairy Milk Chocolate Bar,46 g,53,51,4,In stock
519,28-07-26,Chennai,Instamart,Chocolates,Chocolate,Cadbury Dairy Milk Chocolate Bar,46 g,53,51,4,In stock
520,28-07-26,Delhi,Zepto,Chocolates,Chocolate,Cadbury Dairy Milk Chocolate Bar,46 g,53,49,8,In stock
521,28-07-26,Mumbai,Zepto,Chocolates,Chocolate,Cadbury Dairy Milk Chocolate Bar,46 g,53,46,13,In stock
522,28-07-26,Pune,Zepto,Chocolates,Chocolate,Cadbury Dairy Milk Chocolate Bar,46 g,53,49,8,In stock
523,28-07-26,Bengaluru,Zepto,Chocolates,Chocolate,Cadbury Dairy Milk Chocolate Bar,46 g,53,45,15,In stock
524,28-07-26,Chennai,Zepto,Chocolates,Chocolate,Cadbury Dairy Milk Chocolate Bar,46 g,53,46,13,In stock
525,28-07-26,Mumbai,Instamart,Chocolates,Chocolate,Cadbury Dairy Milk Chocolate Bar,46 g,53,,100,Out of stock
526,22-07-26,Delhi,Instamart,Drinks and Beverages,Soft drink,Coca-Cola Cola Soft Drink,750 mL,40,40,0,In stock
527,22-07-26,Mumbai,Instamart,Drinks and Beverages,Soft drink,Coca-Cola Cola Soft Drink,750 mL,40,40,0,In stock
528,22-07-26,Pune,Instamart,Drinks and Beverages,Soft drink,Coca-Cola Cola Soft Drink,750 mL,40,40,0,In stock
529,22-07-26,Bengaluru,Instamart,Drinks and Beverages,Soft drink,Coca-Cola Cola Soft Drink,750 mL,40,40,0,In stock
530,22-07-26,Chennai,Instamart,Drinks and Beverages,Soft drink,Coca-Cola Cola Soft Drink,750 mL,40,40,0,In stock
531,22-07-26,Chennai,Zepto,Drinks and Beverages,Soft drink,Coca-Cola Cola Soft Drink,750 mL,40,40,0,In stock
532,22-07-26,Delhi,Blinkit,Drinks and Beverages,Soft drink,Coca-Cola Cola Soft Drink,750 mL,40,38,5,In stock
533,22-07-26,Mumbai,Blinkit,Drinks and Beverages,Soft drink,Coca-Cola Cola Soft Drink,750 mL,40,39,3,In stock
534,22-07-26,Pune,Blinkit,Drinks and Beverages,Soft drink,Coca-Cola Cola Soft Drink,750 mL,40,38,5,In stock
535,22-07-26,Bengaluru,Blinkit,Drinks and Beverages,Soft drink,Coca-Cola Cola Soft Drink,750 mL,40,38,5,In stock
536,22-07-26,Chennai,Blinkit,Drinks and Beverages,Soft drink,Coca-Cola Cola Soft Drink,750 mL,40,37,8,In stock
537,22-07-26,Delhi,Zepto,Drinks and Beverages,Soft drink,Coca-Cola Cola Soft Drink,750 mL,40,38,5,In stock
538,22-07-26,Mumbai,Zepto,Drinks and Beverages,Soft drink,Coca-Cola Cola Soft Drink,750 mL,40,38,5,In stock
539,22-07-26,Pune,Zepto,Drinks and Beverages,Soft drink,Coca-Cola Cola Soft Drink,750 mL,40,39,3,In stock
540,22-07-26,Bengaluru,Zepto,Drinks and Beverages,Soft drink,Coca-Cola Cola Soft Drink,750 mL,40,39,3,In stock
541,23-07-26,Delhi,Instamart,Drinks and Beverages,Soft drink,Coca-Cola Cola Soft Drink,750 mL,40,40,0,In stock
542,23-07-26,Mumbai,Instamart,Drinks and Beverages,Soft drink,Coca-Cola Cola Soft Drink,750 mL,40,40,0,In stock
543,23-07-26,Pune,Instamart,Drinks and Beverages,Soft drink,Coca-Cola Cola Soft Drink,750 mL,40,40,0,In stock
544,23-07-26,Bengaluru,Instamart,Drinks and Beverages,Soft drink,Coca-Cola Cola Soft Drink,750 mL,40,40,0,In stock
545,23-07-26,Chennai,Instamart,Drinks and Beverages,Soft drink,Coca-Cola Cola Soft Drink,750 mL,40,40,0,In stock
546,23-07-26,Delhi,Blinkit,Drinks and Beverages,Soft drink,Coca-Cola Cola Soft Drink,750 mL,40,38,5,In stock
1067,23-07-26,Mumbai,Blinkit,Snacks,Chips,Lay's India's Magic Masala Potato Chips,58 g,25,25,0,In stock
548,23-07-26,Pune,Blinkit,Drinks and Beverages,Soft drink,Coca-Cola Cola Soft Drink,750 mL,40,38,5,In stock
549,23-07-26,Bengaluru,Blinkit,Drinks and Beverages,Soft drink,Coca-Cola Cola Soft Drink,750 mL,40,38,5,In stock
550,23-07-26,Chennai,Blinkit,Drinks and Beverages,Soft drink,Coca-Cola Cola Soft Drink,750 mL,40,37,8,In stock
551,23-07-26,Delhi,Zepto,Drinks and Beverages,Soft drink,Coca-Cola Cola Soft Drink,750 mL,40,38,5,In stock
552,23-07-26,Mumbai,Zepto,Drinks and Beverages,Soft drink,Coca-Cola Cola Soft Drink,750 mL,40,39,3,In stock
553,23-07-26,Pune,Zepto,Drinks and Beverages,Soft drink,Coca-Cola Cola Soft Drink,750 mL,40,39,3,In stock
554,23-07-26,Bengaluru,Zepto,Drinks and Beverages,Soft drink,Coca-Cola Cola Soft Drink,750 mL,40,39,3,In stock
555,23-07-26,Chennai,Zepto,Drinks and Beverages,Soft drink,Coca-Cola Cola Soft Drink,750 mL,40,37,8,In stock
556,24-07-26,Delhi,Instamart,Drinks and Beverages,Soft drink,Coca-Cola Cola Soft Drink,750 mL,40,40,0,In stock
557,24-07-26,Mumbai,Instamart,Drinks and Beverages,Soft drink,Coca-Cola Cola Soft Drink,750 mL,40,40,0,In stock
558,24-07-26,Pune,Instamart,Drinks and Beverages,Soft drink,Coca-Cola Cola Soft Drink,750 mL,40,40,0,In stock
559,24-07-26,Bengaluru,Instamart,Drinks and Beverages,Soft drink,Coca-Cola Cola Soft Drink,750 mL,40,40,0,In stock
560,24-07-26,Chennai,Instamart,Drinks and Beverages,Soft drink,Coca-Cola Cola Soft Drink,750 mL,40,40,0,In stock
561,24-07-26,Delhi,Blinkit,Drinks and Beverages,Soft drink,Coca-Cola Cola Soft Drink,750 mL,40,38,5,In stock
1172,23-07-26,Mumbai,Blinkit,Cleaning,Floor & Surface Cleaners ,Lizol Disinfectant Surface & Floor Cleaner 1 ,625 mL,169,169,0,In stock
563,24-07-26,Pune,Blinkit,Drinks and Beverages,Soft drink,Coca-Cola Cola Soft Drink,750 mL,40,38,5,In stock
564,24-07-26,Bengaluru,Blinkit,Drinks and Beverages,Soft drink,Coca-Cola Cola Soft Drink,750 mL,40,38,5,In stock
565,24-07-26,Chennai,Blinkit,Drinks and Beverages,Soft drink,Coca-Cola Cola Soft Drink,750 mL,40,37,8,In stock
566,24-07-26,Delhi,Zepto,Drinks and Beverages,Soft drink,Coca-Cola Cola Soft Drink,750 mL,40,38,5,In stock
567,24-07-26,Mumbai,Zepto,Drinks and Beverages,Soft drink,Coca-Cola Cola Soft Drink,750 mL,40,38,5,In stock
568,24-07-26,Pune,Zepto,Drinks and Beverages,Soft drink,Coca-Cola Cola Soft Drink,750 mL,40,39,3,In stock
569,24-07-26,Bengaluru,Zepto,Drinks and Beverages,Soft drink,Coca-Cola Cola Soft Drink,750 mL,40,39,3,In stock
570,24-07-26,Chennai,Zepto,Drinks and Beverages,Soft drink,Coca-Cola Cola Soft Drink,750 mL,40,37,8,In stock
571,25-07-26,Delhi,Instamart,Drinks and Beverages,Soft drink,Coca-Cola Cola Soft Drink,750 mL,40,40,0,In stock
572,25-07-26,Mumbai,Instamart,Drinks and Beverages,Soft drink,Coca-Cola Cola Soft Drink,750 mL,40,40,0,In stock
573,25-07-26,Pune,Instamart,Drinks and Beverages,Soft drink,Coca-Cola Cola Soft Drink,750 mL,40,40,0,In stock
574,25-07-26,Bengaluru,Instamart,Drinks and Beverages,Soft drink,Coca-Cola Cola Soft Drink,750 mL,40,40,0,In stock
575,25-07-26,Chennai,Instamart,Drinks and Beverages,Soft drink,Coca-Cola Cola Soft Drink,750 mL,40,40,0,In stock
576,25-07-26,Delhi,Blinkit,Drinks and Beverages,Soft drink,Coca-Cola Cola Soft Drink,750 mL,40,38,5,In stock
577,25-07-26,Mumbai,Blinkit,Drinks and Beverages,Soft drink,Coca-Cola Cola Soft Drink,750 mL,40,38,5,In stock
578,25-07-26,Pune,Blinkit,Drinks and Beverages,Soft drink,Coca-Cola Cola Soft Drink,750 mL,40,38,5,In stock
579,25-07-26,Bengaluru,Blinkit,Drinks and Beverages,Soft drink,Coca-Cola Cola Soft Drink,750 mL,40,39,3,In stock
580,25-07-26,Chennai,Blinkit,Drinks and Beverages,Soft drink,Coca-Cola Cola Soft Drink,750 mL,40,37,8,In stock
581,25-07-26,Delhi,Zepto,Drinks and Beverages,Soft drink,Coca-Cola Cola Soft Drink,750 mL,40,38,5,In stock
582,25-07-26,Mumbai,Zepto,Drinks and Beverages,Soft drink,Coca-Cola Cola Soft Drink,750 mL,40,38,5,In stock
583,25-07-26,Pune,Zepto,Drinks and Beverages,Soft drink,Coca-Cola Cola Soft Drink,750 mL,40,39,3,In stock
584,25-07-26,Bengaluru,Zepto,Drinks and Beverages,Soft drink,Coca-Cola Cola Soft Drink,750 mL,40,39,3,In stock
585,25-07-26,Chennai,Zepto,Drinks and Beverages,Soft drink,Coca-Cola Cola Soft Drink,750 mL,40,37,8,In stock
586,26-07-26,Delhi,Instamart,Drinks and Beverages,Soft drink,Coca-Cola Cola Soft Drink,750 mL,40,40,0,In stock
587,26-07-26,Mumbai,Instamart,Drinks and Beverages,Soft drink,Coca-Cola Cola Soft Drink,750 mL,40,40,0,In stock
588,26-07-26,Pune,Instamart,Drinks and Beverages,Soft drink,Coca-Cola Cola Soft Drink,750 mL,40,40,0,In stock
589,26-07-26,Bengaluru,Instamart,Drinks and Beverages,Soft drink,Coca-Cola Cola Soft Drink,750 mL,40,40,0,In stock
590,26-07-26,Chennai,Instamart,Drinks and Beverages,Soft drink,Coca-Cola Cola Soft Drink,750 mL,40,40,0,In stock
591,26-07-26,Delhi,Blinkit,Drinks and Beverages,Soft drink,Coca-Cola Cola Soft Drink,750 mL,40,38,5,In stock
592,26-07-26,Mumbai,Blinkit,Drinks and Beverages,Soft drink,Coca-Cola Cola Soft Drink,750 mL,40,38,5,In stock
593,26-07-26,Pune,Blinkit,Drinks and Beverages,Soft drink,Coca-Cola Cola Soft Drink,750 mL,40,38,5,In stock
594,26-07-26,Bengaluru,Blinkit,Drinks and Beverages,Soft drink,Coca-Cola Cola Soft Drink,750 mL,40,39,3,In stock
595,26-07-26,Chennai,Blinkit,Drinks and Beverages,Soft drink,Coca-Cola Cola Soft Drink,750 mL,40,37,8,In stock
596,26-07-26,Delhi,Zepto,Drinks and Beverages,Soft drink,Coca-Cola Cola Soft Drink,750 mL,40,38,5,In stock
597,26-07-26,Mumbai,Zepto,Drinks and Beverages,Soft drink,Coca-Cola Cola Soft Drink,750 mL,40,38,5,In stock
598,26-07-26,Pune,Zepto,Drinks and Beverages,Soft drink,Coca-Cola Cola Soft Drink,750 mL,40,38,5,In stock
599,26-07-26,Bengaluru,Zepto,Drinks and Beverages,Soft drink,Coca-Cola Cola Soft Drink,750 mL,40,39,3,In stock
600,26-07-26,Chennai,Zepto,Drinks and Beverages,Soft drink,Coca-Cola Cola Soft Drink,750 mL,40,37,8,In stock
601,27-07-26,Delhi,Instamart,Drinks and Beverages,Soft drink,Coca-Cola Cola Soft Drink,750 mL,40,40,0,In stock
602,27-07-26,Mumbai,Instamart,Drinks and Beverages,Soft drink,Coca-Cola Cola Soft Drink,750 mL,40,40,0,In stock
603,27-07-26,Pune,Instamart,Drinks and Beverages,Soft drink,Coca-Cola Cola Soft Drink,750 mL,40,40,0,In stock
604,27-07-26,Bengaluru,Instamart,Drinks and Beverages,Soft drink,Coca-Cola Cola Soft Drink,750 mL,40,40,0,In stock
605,27-07-26,Chennai,Instamart,Drinks and Beverages,Soft drink,Coca-Cola Cola Soft Drink,750 mL,40,40,0,In stock
606,27-07-26,Delhi,Blinkit,Drinks and Beverages,Soft drink,Coca-Cola Cola Soft Drink,750 mL,40,38,5,In stock
607,27-07-26,Mumbai,Blinkit,Drinks and Beverages,Soft drink,Coca-Cola Cola Soft Drink,750 mL,40,39,3,In stock
608,27-07-26,Pune,Blinkit,Drinks and Beverages,Soft drink,Coca-Cola Cola Soft Drink,750 mL,40,38,5,In stock
609,27-07-26,Bengaluru,Blinkit,Drinks and Beverages,Soft drink,Coca-Cola Cola Soft Drink,750 mL,40,39,3,In stock
610,27-07-26,Chennai,Blinkit,Drinks and Beverages,Soft drink,Coca-Cola Cola Soft Drink,750 mL,40,37,8,In stock
611,27-07-26,Delhi,Zepto,Drinks and Beverages,Soft drink,Coca-Cola Cola Soft Drink,750 mL,40,38,5,In stock
612,27-07-26,Mumbai,Zepto,Drinks and Beverages,Soft drink,Coca-Cola Cola Soft Drink,750 mL,40,38,5,In stock
613,27-07-26,Pune,Zepto,Drinks and Beverages,Soft drink,Coca-Cola Cola Soft Drink,750 mL,40,38,5,In stock
614,27-07-26,Bengaluru,Zepto,Drinks and Beverages,Soft drink,Coca-Cola Cola Soft Drink,750 mL,40,39,3,In stock
615,27-07-26,Chennai,Zepto,Drinks and Beverages,Soft drink,Coca-Cola Cola Soft Drink,750 mL,40,37,8,In stock
616,28-07-26,Delhi,Instamart,Drinks and Beverages,Soft drink,Coca-Cola Cola Soft Drink,750 mL,40,40,0,In stock
617,28-07-26,Mumbai,Instamart,Drinks and Beverages,Soft drink,Coca-Cola Cola Soft Drink,750 mL,40,40,0,In stock
618,28-07-26,Pune,Instamart,Drinks and Beverages,Soft drink,Coca-Cola Cola Soft Drink,750 mL,40,40,0,In stock
619,28-07-26,Bengaluru,Instamart,Drinks and Beverages,Soft drink,Coca-Cola Cola Soft Drink,750 mL,40,40,0,In stock
620,28-07-26,Chennai,Instamart,Drinks and Beverages,Soft drink,Coca-Cola Cola Soft Drink,750 mL,40,40,0,In stock
621,28-07-26,Delhi,Blinkit,Drinks and Beverages,Soft drink,Coca-Cola Cola Soft Drink,750 mL,40,38,5,In stock
622,28-07-26,Mumbai,Blinkit,Drinks and Beverages,Soft drink,Coca-Cola Cola Soft Drink,750 mL,40,39,3,In stock
623,28-07-26,Pune,Blinkit,Drinks and Beverages,Soft drink,Coca-Cola Cola Soft Drink,750 mL,40,38,5,In stock
624,28-07-26,Bengaluru,Blinkit,Drinks and Beverages,Soft drink,Coca-Cola Cola Soft Drink,750 mL,40,39,3,In stock
625,28-07-26,Chennai,Blinkit,Drinks and Beverages,Soft drink,Coca-Cola Cola Soft Drink,750 mL,40,37,8,In stock
626,28-07-26,Delhi,Zepto,Drinks and Beverages,Soft drink,Coca-Cola Cola Soft Drink,750 mL,40,38,5,In stock
627,28-07-26,Mumbai,Zepto,Drinks and Beverages,Soft drink,Coca-Cola Cola Soft Drink,750 mL,40,38,5,In stock
628,28-07-26,Pune,Zepto,Drinks and Beverages,Soft drink,Coca-Cola Cola Soft Drink,750 mL,40,38,5,In stock
629,28-07-26,Bengaluru,Zepto,Drinks and Beverages,Soft drink,Coca-Cola Cola Soft Drink,750 mL,40,39,3,In stock
630,28-07-26,Chennai,Zepto,Drinks and Beverages,Soft drink,Coca-Cola Cola Soft Drink,750 mL,40,37,8,In stock
631,22-07-26,Delhi,Blinkit,Cleaning,Antiseptic liquid,Dettol Antiseptic Liquid,750 g,364,364,0,In stock
632,22-07-26,Mumbai,Blinkit,Cleaning,Antiseptic liquid,Dettol Antiseptic Liquid,750 g,364,364,0,In stock
633,22-07-26,Pune,Blinkit,Cleaning,Antiseptic liquid,Dettol Antiseptic Liquid,750 g,364,364,0,In stock
634,22-07-26,Bengaluru,Blinkit,Cleaning,Antiseptic liquid,Dettol Antiseptic Liquid,750 g,364,364,0,In stock
635,22-07-26,Chennai,Blinkit,Cleaning,Antiseptic liquid,Dettol Antiseptic Liquid,750 g,364,364,0,In stock
636,22-07-26,Delhi,Instamart,Cleaning,Antiseptic liquid,Dettol Antiseptic Liquid,750 g,364,364,0,In stock
637,22-07-26,Mumbai,Instamart,Cleaning,Antiseptic liquid,Dettol Antiseptic Liquid,750 g,364,364,0,In stock
638,22-07-26,Pune,Instamart,Cleaning,Antiseptic liquid,Dettol Antiseptic Liquid,750 g,364,364,0,In stock
639,22-07-26,Bengaluru,Instamart,Cleaning,Antiseptic liquid,Dettol Antiseptic Liquid,750 g,364,364,0,In stock
640,22-07-26,Chennai,Instamart,Cleaning,Antiseptic liquid,Dettol Antiseptic Liquid,750 g,364,364,0,In stock
641,22-07-26,Delhi,Zepto,Cleaning,Antiseptic liquid,Dettol Antiseptic Liquid,750 g,364.19,316,13,In stock
642,22-07-26,Mumbai,Zepto,Cleaning,Antiseptic liquid,Dettol Antiseptic Liquid,750 g,364.19,349,4,In stock
643,22-07-26,Pune,Zepto,Cleaning,Antiseptic liquid,Dettol Antiseptic Liquid,750 g,364.19,330,9,In stock
644,22-07-26,Bengaluru,Zepto,Cleaning,Antiseptic liquid,Dettol Antiseptic Liquid,750 g,364.19,352,3,In stock
645,22-07-26,Chennai,Zepto,Cleaning,Antiseptic liquid,Dettol Antiseptic Liquid,750 g,364.19,337,7,In stock
646,23-07-26,Delhi,Blinkit,Cleaning,Antiseptic liquid,Dettol Antiseptic Liquid,750 g,364,364,0,In stock
1277,23-07-26,Mumbai,Blinkit,Snacks,Instant noodles,Maggi Masala - 2 Minutes Instant Noodles Made With Quality Spices,420 g,90,79,12,In stock
648,23-07-26,Pune,Blinkit,Cleaning,Antiseptic liquid,Dettol Antiseptic Liquid,750 g,364,364,0,In stock
649,23-07-26,Bengaluru,Blinkit,Cleaning,Antiseptic liquid,Dettol Antiseptic Liquid,750 g,364,364,0,In stock
650,23-07-26,Chennai,Blinkit,Cleaning,Antiseptic liquid,Dettol Antiseptic Liquid,750 g,364,364,0,In stock
651,23-07-26,Delhi,Instamart,Cleaning,Antiseptic liquid,Dettol Antiseptic Liquid,750 g,364,364,0,In stock
652,23-07-26,Mumbai,Instamart,Cleaning,Antiseptic liquid,Dettol Antiseptic Liquid,750 g,364,364,0,In stock
653,23-07-26,Pune,Instamart,Cleaning,Antiseptic liquid,Dettol Antiseptic Liquid,750 g,364,364,0,In stock
654,23-07-26,Bengaluru,Instamart,Cleaning,Antiseptic liquid,Dettol Antiseptic Liquid,750 g,364,364,0,In stock
655,23-07-26,Chennai,Instamart,Cleaning,Antiseptic liquid,Dettol Antiseptic Liquid,750 g,364,364,0,In stock
656,23-07-26,Delhi,Zepto,Cleaning,Antiseptic liquid,Dettol Antiseptic Liquid,750 g,364.19,316,13,In stock
657,23-07-26,Pune,Zepto,Cleaning,Antiseptic liquid,Dettol Antiseptic Liquid,750 g,364.19,330,9,In stock
658,23-07-26,Bengaluru,Zepto,Cleaning,Antiseptic liquid,Dettol Antiseptic Liquid,750 g,364.19,352,3,In stock
659,23-07-26,Chennai,Zepto,Cleaning,Antiseptic liquid,Dettol Antiseptic Liquid,750 g,364.19,334,8,In stock
660,23-07-26,Mumbai,Zepto,Cleaning,Antiseptic liquid,Dettol Antiseptic Liquid,750 g,364.19,,100,Out of stock
661,24-07-26,Delhi,Blinkit,Cleaning,Antiseptic liquid,Dettol Antiseptic Liquid,750 g,364,364,0,In stock
1382,23-07-26,Mumbai,Blinkit,Drinks and Beverages,Coffee,Nescafe Classic - 100 Pure Instant Coffee Powder,24 g,124,124,0,In stock
663,24-07-26,Pune,Blinkit,Cleaning,Antiseptic liquid,Dettol Antiseptic Liquid,750 g,364,364,0,In stock
664,24-07-26,Bengaluru,Blinkit,Cleaning,Antiseptic liquid,Dettol Antiseptic Liquid,750 g,364,364,0,In stock
665,24-07-26,Chennai,Blinkit,Cleaning,Antiseptic liquid,Dettol Antiseptic Liquid,750 g,364,364,0,In stock
666,24-07-26,Delhi,Instamart,Cleaning,Antiseptic liquid,Dettol Antiseptic Liquid,750 g,364,364,0,In stock
667,24-07-26,Mumbai,Instamart,Cleaning,Antiseptic liquid,Dettol Antiseptic Liquid,750 g,364,364,0,In stock
668,24-07-26,Pune,Instamart,Cleaning,Antiseptic liquid,Dettol Antiseptic Liquid,750 g,364,364,0,In stock
669,24-07-26,Bengaluru,Instamart,Cleaning,Antiseptic liquid,Dettol Antiseptic Liquid,750 g,364,364,0,In stock
670,24-07-26,Chennai,Instamart,Cleaning,Antiseptic liquid,Dettol Antiseptic Liquid,750 g,364,364,0,In stock
671,24-07-26,Delhi,Zepto,Cleaning,Antiseptic liquid,Dettol Antiseptic Liquid,750 g,364.19,316,13,In stock
672,24-07-26,Mumbai,Zepto,Cleaning,Antiseptic liquid,Dettol Antiseptic Liquid,750 g,364.19,351,4,In stock
673,24-07-26,Pune,Zepto,Cleaning,Antiseptic liquid,Dettol Antiseptic Liquid,750 g,364.19,330,9,In stock
674,24-07-26,Bengaluru,Zepto,Cleaning,Antiseptic liquid,Dettol Antiseptic Liquid,750 g,364.19,339,7,In stock
675,24-07-26,Chennai,Zepto,Cleaning,Antiseptic liquid,Dettol Antiseptic Liquid,750 g,364.19,334,8,In stock
676,25-07-26,Mumbai,Blinkit,Cleaning,Antiseptic liquid,Dettol Antiseptic Liquid,750 g,364,364,0,In stock
677,25-07-26,Pune,Blinkit,Cleaning,Antiseptic liquid,Dettol Antiseptic Liquid,750 g,364,364,0,In stock
678,25-07-26,Bengaluru,Blinkit,Cleaning,Antiseptic liquid,Dettol Antiseptic Liquid,750 g,364,364,0,In stock
679,25-07-26,Chennai,Blinkit,Cleaning,Antiseptic liquid,Dettol Antiseptic Liquid,750 g,364,364,0,In stock
680,25-07-26,Delhi,Instamart,Cleaning,Antiseptic liquid,Dettol Antiseptic Liquid,750 g,364,364,0,In stock
681,25-07-26,Mumbai,Instamart,Cleaning,Antiseptic liquid,Dettol Antiseptic Liquid,750 g,364,364,0,In stock
682,25-07-26,Pune,Instamart,Cleaning,Antiseptic liquid,Dettol Antiseptic Liquid,750 g,364,364,0,In stock
683,25-07-26,Bengaluru,Instamart,Cleaning,Antiseptic liquid,Dettol Antiseptic Liquid,750 g,364,364,0,In stock
684,25-07-26,Chennai,Instamart,Cleaning,Antiseptic liquid,Dettol Antiseptic Liquid,750 g,364,364,0,In stock
685,25-07-26,Delhi,Zepto,Cleaning,Antiseptic liquid,Dettol Antiseptic Liquid,750 g,364.19,316,13,In stock
686,25-07-26,Mumbai,Zepto,Cleaning,Antiseptic liquid,Dettol Antiseptic Liquid,750 g,364.19,352,3,In stock
687,25-07-26,Pune,Zepto,Cleaning,Antiseptic liquid,Dettol Antiseptic Liquid,750 g,364.19,330,9,In stock
688,25-07-26,Bengaluru,Zepto,Cleaning,Antiseptic liquid,Dettol Antiseptic Liquid,750 g,364.19,352,3,In stock
689,25-07-26,Chennai,Zepto,Cleaning,Antiseptic liquid,Dettol Antiseptic Liquid,750 g,364.19,334,8,In stock
690,25-07-26,Delhi,Blinkit,Cleaning,Antiseptic liquid,Dettol Antiseptic Liquid,750 g,364,,100,Out of stock
691,26-07-26,Delhi,Blinkit,Cleaning,Antiseptic liquid,Dettol Antiseptic Liquid,750 g,364,364,0,In stock
692,26-07-26,Mumbai,Blinkit,Cleaning,Antiseptic liquid,Dettol Antiseptic Liquid,750 g,364,364,0,In stock
693,26-07-26,Pune,Blinkit,Cleaning,Antiseptic liquid,Dettol Antiseptic Liquid,750 g,364,364,0,In stock
694,26-07-26,Bengaluru,Blinkit,Cleaning,Antiseptic liquid,Dettol Antiseptic Liquid,750 g,364,364,0,In stock
695,26-07-26,Chennai,Blinkit,Cleaning,Antiseptic liquid,Dettol Antiseptic Liquid,750 g,364,364,0,In stock
696,26-07-26,Delhi,Instamart,Cleaning,Antiseptic liquid,Dettol Antiseptic Liquid,750 g,364,364,0,In stock
697,26-07-26,Mumbai,Instamart,Cleaning,Antiseptic liquid,Dettol Antiseptic Liquid,750 g,364,364,0,In stock
698,26-07-26,Pune,Instamart,Cleaning,Antiseptic liquid,Dettol Antiseptic Liquid,750 g,364,364,0,In stock
699,26-07-26,Bengaluru,Instamart,Cleaning,Antiseptic liquid,Dettol Antiseptic Liquid,750 g,364,364,0,In stock
700,26-07-26,Chennai,Instamart,Cleaning,Antiseptic liquid,Dettol Antiseptic Liquid,750 g,364,364,0,In stock
701,26-07-26,Delhi,Zepto,Cleaning,Antiseptic liquid,Dettol Antiseptic Liquid,750 g,364.19,316,13,In stock
702,26-07-26,Mumbai,Zepto,Cleaning,Antiseptic liquid,Dettol Antiseptic Liquid,750 g,364.19,352,3,In stock
703,26-07-26,Pune,Zepto,Cleaning,Antiseptic liquid,Dettol Antiseptic Liquid,750 g,364.19,330,9,In stock
704,26-07-26,Bengaluru,Zepto,Cleaning,Antiseptic liquid,Dettol Antiseptic Liquid,750 g,364.19,352,3,In stock
705,26-07-26,Chennai,Zepto,Cleaning,Antiseptic liquid,Dettol Antiseptic Liquid,750 g,364.19,348,4,In stock
706,27-07-26,Delhi,Blinkit,Cleaning,Antiseptic liquid,Dettol Antiseptic Liquid,750 g,364,364,0,In stock
707,27-07-26,Mumbai,Blinkit,Cleaning,Antiseptic liquid,Dettol Antiseptic Liquid,750 g,364,364,0,In stock
708,27-07-26,Pune,Blinkit,Cleaning,Antiseptic liquid,Dettol Antiseptic Liquid,750 g,364,364,0,In stock
709,27-07-26,Bengaluru,Blinkit,Cleaning,Antiseptic liquid,Dettol Antiseptic Liquid,750 g,364,364,0,In stock
710,27-07-26,Chennai,Blinkit,Cleaning,Antiseptic liquid,Dettol Antiseptic Liquid,750 g,364,364,0,In stock
711,27-07-26,Delhi,Instamart,Cleaning,Antiseptic liquid,Dettol Antiseptic Liquid,750 g,364,364,0,In stock
712,27-07-26,Mumbai,Instamart,Cleaning,Antiseptic liquid,Dettol Antiseptic Liquid,750 g,364,364,0,In stock
713,27-07-26,Pune,Instamart,Cleaning,Antiseptic liquid,Dettol Antiseptic Liquid,750 g,364,364,0,In stock
714,27-07-26,Chennai,Instamart,Cleaning,Antiseptic liquid,Dettol Antiseptic Liquid,750 g,364,364,0,In stock
715,27-07-26,Delhi,Zepto,Cleaning,Antiseptic liquid,Dettol Antiseptic Liquid,750 g,364.19,316,13,In stock
716,27-07-26,Mumbai,Zepto,Cleaning,Antiseptic liquid,Dettol Antiseptic Liquid,750 g,364.19,340,7,In stock
717,27-07-26,Pune,Zepto,Cleaning,Antiseptic liquid,Dettol Antiseptic Liquid,750 g,364.19,330,9,In stock
718,27-07-26,Bengaluru,Zepto,Cleaning,Antiseptic liquid,Dettol Antiseptic Liquid,750 g,364.19,351,4,In stock
719,27-07-26,Chennai,Zepto,Cleaning,Antiseptic liquid,Dettol Antiseptic Liquid,750 g,364.19,348,4,In stock
720,27-07-26,Bengaluru,Instamart,Cleaning,Antiseptic liquid,Dettol Antiseptic Liquid,750 g,364,,100,Out of stock
721,28-07-26,Delhi,Blinkit,Cleaning,Antiseptic liquid,Dettol Antiseptic Liquid,750 g,364,364,0,In stock
722,28-07-26,Mumbai,Blinkit,Cleaning,Antiseptic liquid,Dettol Antiseptic Liquid,750 g,364,364,0,In stock
723,28-07-26,Pune,Blinkit,Cleaning,Antiseptic liquid,Dettol Antiseptic Liquid,750 g,364,364,0,In stock
724,28-07-26,Bengaluru,Blinkit,Cleaning,Antiseptic liquid,Dettol Antiseptic Liquid,750 g,364,364,0,In stock
725,28-07-26,Chennai,Blinkit,Cleaning,Antiseptic liquid,Dettol Antiseptic Liquid,750 g,364,364,0,In stock
726,28-07-26,Delhi,Instamart,Cleaning,Antiseptic liquid,Dettol Antiseptic Liquid,750 g,364,364,0,In stock
727,28-07-26,Mumbai,Instamart,Cleaning,Antiseptic liquid,Dettol Antiseptic Liquid,750 g,364,364,0,In stock
728,28-07-26,Pune,Instamart,Cleaning,Antiseptic liquid,Dettol Antiseptic Liquid,750 g,364,364,0,In stock
729,28-07-26,Bengaluru,Instamart,Cleaning,Antiseptic liquid,Dettol Antiseptic Liquid,750 g,364,364,0,In stock
730,28-07-26,Chennai,Instamart,Cleaning,Antiseptic liquid,Dettol Antiseptic Liquid,750 g,364,364,0,In stock
731,28-07-26,Delhi,Zepto,Cleaning,Antiseptic liquid,Dettol Antiseptic Liquid,750 g,364.19,316,13,In stock
732,28-07-26,Mumbai,Zepto,Cleaning,Antiseptic liquid,Dettol Antiseptic Liquid,750 g,364.19,339,7,In stock
733,28-07-26,Pune,Zepto,Cleaning,Antiseptic liquid,Dettol Antiseptic Liquid,750 g,364.19,330,9,In stock
734,28-07-26,Bengaluru,Zepto,Cleaning,Antiseptic liquid,Dettol Antiseptic Liquid,750 g,364.19,351,4,In stock
735,28-07-26,Chennai,Zepto,Cleaning,Antiseptic liquid,Dettol Antiseptic Liquid,750 g,364.19,350,4,In stock
736,22-07-26,Delhi,Blinkit,Personal hygiene,Handwash,Dettol Original Hand Wash Refill,675 mL,109,96,12,In stock
737,22-07-26,Mumbai,Blinkit,Personal hygiene,Handwash,Dettol Original Hand Wash Refill,675 mL,109,97,11,In stock
738,22-07-26,Pune,Blinkit,Personal hygiene,Handwash,Dettol Original Hand Wash Refill,675 mL,109,103,6,In stock
739,22-07-26,Bengaluru,Blinkit,Personal hygiene,Handwash,Dettol Original Hand Wash Refill,675 mL,109,96,12,In stock
740,22-07-26,Chennai,Blinkit,Personal hygiene,Handwash,Dettol Original Hand Wash Refill,675 mL,109,96,12,In stock
741,22-07-26,Delhi,Instamart,Personal hygiene,Handwash,Dettol Original Hand Wash Refill,675 mL,99,98,1,In stock
742,22-07-26,Mumbai,Instamart,Personal hygiene,Handwash,Dettol Original Hand Wash Refill,675 mL,109,102,6,In stock
743,22-07-26,Pune,Instamart,Personal hygiene,Handwash,Dettol Original Hand Wash Refill,675 mL,109,107,2,In stock
744,22-07-26,Bengaluru,Instamart,Personal hygiene,Handwash,Dettol Original Hand Wash Refill,675 mL,109,102,6,In stock
745,22-07-26,Chennai,Instamart,Personal hygiene,Handwash,Dettol Original Hand Wash Refill,675 mL,109,103,6,In stock
746,22-07-26,Delhi,Zepto,Personal hygiene,Handwash,Dettol Original Hand Wash Refill,675 mL,109,95,13,In stock
747,22-07-26,Mumbai,Zepto,Personal hygiene,Handwash,Dettol Original Hand Wash Refill,675 mL,109,96,12,In stock
748,22-07-26,Pune,Zepto,Personal hygiene,Handwash,Dettol Original Hand Wash Refill,675 mL,109,95,13,In stock
749,22-07-26,Bengaluru,Zepto,Personal hygiene,Handwash,Dettol Original Hand Wash Refill,675 mL,109,95,13,In stock
750,22-07-26,Chennai,Zepto,Personal hygiene,Handwash,Dettol Original Hand Wash Refill,675 mL,109,95,13,In stock
751,23-07-26,Delhi,Blinkit,Personal hygiene,Handwash,Dettol Original Hand Wash Refill,675 mL,109,96,12,In stock
1487,23-07-26,Mumbai,Blinkit,Snacks,Biscuit,Parle-G Original Gluco Biscuit,800 g,100,93,7,In stock
1592,23-07-26,Mumbai,Blinkit,Oils,Cooking oil,Saffola Total Heart Pro Rice Bran & Sunflower Blended Oil,1 lit,265,244,8,In stock
754,23-07-26,Pune,Blinkit,Personal hygiene,Handwash,Dettol Original Hand Wash Refill,675 mL,109,103,6,In stock
755,23-07-26,Bengaluru,Blinkit,Personal hygiene,Handwash,Dettol Original Hand Wash Refill,675 mL,109,96,12,In stock
756,23-07-26,Delhi,Instamart,Personal hygiene,Handwash,Dettol Original Hand Wash Refill,675 mL,99,98,1,In stock
757,23-07-26,Mumbai,Instamart,Personal hygiene,Handwash,Dettol Original Hand Wash Refill,675 mL,109,107,2,In stock
758,23-07-26,Pune,Instamart,Personal hygiene,Handwash,Dettol Original Hand Wash Refill,675 mL,109,107,2,In stock
759,23-07-26,Bengaluru,Instamart,Personal hygiene,Handwash,Dettol Original Hand Wash Refill,675 mL,109,102,6,In stock
760,23-07-26,Chennai,Instamart,Personal hygiene,Handwash,Dettol Original Hand Wash Refill,675 mL,109,107,2,In stock
761,23-07-26,Delhi,Zepto,Personal hygiene,Handwash,Dettol Original Hand Wash Refill,675 mL,109,95,13,In stock
762,23-07-26,Mumbai,Zepto,Personal hygiene,Handwash,Dettol Original Hand Wash Refill,675 mL,109,96,12,In stock
763,23-07-26,Pune,Zepto,Personal hygiene,Handwash,Dettol Original Hand Wash Refill,675 mL,109,95,13,In stock
764,23-07-26,Bengaluru,Zepto,Personal hygiene,Handwash,Dettol Original Hand Wash Refill,675 mL,109,95,13,In stock
765,23-07-26,Chennai,Zepto,Personal hygiene,Handwash,Dettol Original Hand Wash Refill,675 mL,109,95,13,In stock
766,23-07-26,Chennai,Blinkit,Personal hygiene,Handwash,Dettol Original Hand Wash Refill,675 mL,109,,100,Out of stock
767,24-07-26,Delhi,Blinkit,Personal hygiene,Handwash,Dettol Original Hand Wash Refill,675 mL,109,96,12,In stock
768,24-07-26,Pune,Blinkit,Personal hygiene,Handwash,Dettol Original Hand Wash Refill,675 mL,109,103,6,In stock
769,24-07-26,Bengaluru,Blinkit,Personal hygiene,Handwash,Dettol Original Hand Wash Refill,675 mL,109,96,12,In stock
770,24-07-26,Delhi,Instamart,Personal hygiene,Handwash,Dettol Original Hand Wash Refill,675 mL,99,98,1,In stock
771,24-07-26,Mumbai,Instamart,Personal hygiene,Handwash,Dettol Original Hand Wash Refill,675 mL,109,102,6,In stock
772,24-07-26,Pune,Instamart,Personal hygiene,Handwash,Dettol Original Hand Wash Refill,675 mL,109,107,2,In stock
773,24-07-26,Bengaluru,Instamart,Personal hygiene,Handwash,Dettol Original Hand Wash Refill,675 mL,109,102,6,In stock
774,24-07-26,Chennai,Instamart,Personal hygiene,Handwash,Dettol Original Hand Wash Refill,675 mL,109,103,6,In stock
775,24-07-26,Delhi,Zepto,Personal hygiene,Handwash,Dettol Original Hand Wash Refill,675 mL,109,95,13,In stock
776,24-07-26,Mumbai,Zepto,Personal hygiene,Handwash,Dettol Original Hand Wash Refill,675 mL,109,96,12,In stock
777,24-07-26,Pune,Zepto,Personal hygiene,Handwash,Dettol Original Hand Wash Refill,675 mL,109,102,6,In stock
778,24-07-26,Bengaluru,Zepto,Personal hygiene,Handwash,Dettol Original Hand Wash Refill,675 mL,109,95,13,In stock
779,24-07-26,Chennai,Zepto,Personal hygiene,Handwash,Dettol Original Hand Wash Refill,675 mL,109,95,13,In stock
780,24-07-26,Chennai,Blinkit,Personal hygiene,Handwash,Dettol Original Hand Wash Refill,675 mL,109,,100,Out of stock
781,25-07-26,Delhi,Blinkit,Personal hygiene,Handwash,Dettol Original Hand Wash Refill,675 mL,109,96,12,In stock
782,25-07-26,Mumbai,Blinkit,Personal hygiene,Handwash,Dettol Original Hand Wash Refill,675 mL,109,97,11,In stock
783,25-07-26,Pune,Blinkit,Personal hygiene,Handwash,Dettol Original Hand Wash Refill,675 mL,109,103,6,In stock
784,25-07-26,Bengaluru,Blinkit,Personal hygiene,Handwash,Dettol Original Hand Wash Refill,675 mL,109,96,12,In stock
785,25-07-26,Chennai,Blinkit,Personal hygiene,Handwash,Dettol Original Hand Wash Refill,675 mL,109,96,12,In stock
786,25-07-26,Delhi,Instamart,Personal hygiene,Handwash,Dettol Original Hand Wash Refill,675 mL,99,93,6,In stock
787,25-07-26,Mumbai,Instamart,Personal hygiene,Handwash,Dettol Original Hand Wash Refill,675 mL,109,102,6,In stock
788,25-07-26,Pune,Instamart,Personal hygiene,Handwash,Dettol Original Hand Wash Refill,675 mL,109,103,6,In stock
789,25-07-26,Bengaluru,Instamart,Personal hygiene,Handwash,Dettol Original Hand Wash Refill,675 mL,109,103,6,In stock
790,25-07-26,Chennai,Instamart,Personal hygiene,Handwash,Dettol Original Hand Wash Refill,675 mL,109,104,5,In stock
791,25-07-26,Delhi,Zepto,Personal hygiene,Handwash,Dettol Original Hand Wash Refill,675 mL,109,95,13,In stock
792,25-07-26,Mumbai,Zepto,Personal hygiene,Handwash,Dettol Original Hand Wash Refill,675 mL,109,96,12,In stock
793,25-07-26,Pune,Zepto,Personal hygiene,Handwash,Dettol Original Hand Wash Refill,675 mL,109,102,6,In stock
794,25-07-26,Bengaluru,Zepto,Personal hygiene,Handwash,Dettol Original Hand Wash Refill,675 mL,109,95,13,In stock
795,25-07-26,Chennai,Zepto,Personal hygiene,Handwash,Dettol Original Hand Wash Refill,675 mL,109,95,13,In stock
796,26-07-26,Delhi,Blinkit,Personal hygiene,Handwash,Dettol Original Hand Wash Refill,675 mL,109,94,14,In stock
797,26-07-26,Mumbai,Blinkit,Personal hygiene,Handwash,Dettol Original Hand Wash Refill,675 mL,109,97,11,In stock
798,26-07-26,Pune,Blinkit,Personal hygiene,Handwash,Dettol Original Hand Wash Refill,675 mL,109,103,6,In stock
799,26-07-26,Bengaluru,Blinkit,Personal hygiene,Handwash,Dettol Original Hand Wash Refill,675 mL,109,94,14,In stock
800,26-07-26,Chennai,Blinkit,Personal hygiene,Handwash,Dettol Original Hand Wash Refill,675 mL,109,94,14,In stock
801,26-07-26,Delhi,Instamart,Personal hygiene,Handwash,Dettol Original Hand Wash Refill,675 mL,109,102,6,In stock
802,26-07-26,Mumbai,Instamart,Personal hygiene,Handwash,Dettol Original Hand Wash Refill,675 mL,109,106,3,In stock
803,26-07-26,Pune,Instamart,Personal hygiene,Handwash,Dettol Original Hand Wash Refill,675 mL,109,104,5,In stock
804,26-07-26,Bengaluru,Instamart,Personal hygiene,Handwash,Dettol Original Hand Wash Refill,675 mL,109,103,6,In stock
805,26-07-26,Chennai,Instamart,Personal hygiene,Handwash,Dettol Original Hand Wash Refill,675 mL,109,103,6,In stock
806,26-07-26,Delhi,Zepto,Personal hygiene,Handwash,Dettol Original Hand Wash Refill,675 mL,109,92,16,In stock
807,26-07-26,Mumbai,Zepto,Personal hygiene,Handwash,Dettol Original Hand Wash Refill,675 mL,109,96,12,In stock
808,26-07-26,Pune,Zepto,Personal hygiene,Handwash,Dettol Original Hand Wash Refill,675 mL,109,95,13,In stock
809,26-07-26,Bengaluru,Zepto,Personal hygiene,Handwash,Dettol Original Hand Wash Refill,675 mL,109,93,15,In stock
810,26-07-26,Chennai,Zepto,Personal hygiene,Handwash,Dettol Original Hand Wash Refill,675 mL,109,95,13,In stock
811,27-07-26,Delhi,Blinkit,Personal hygiene,Handwash,Dettol Original Hand Wash Refill,675 mL,109,96,12,In stock
812,27-07-26,Mumbai,Blinkit,Personal hygiene,Handwash,Dettol Original Hand Wash Refill,675 mL,109,96,12,In stock
813,27-07-26,Pune,Blinkit,Personal hygiene,Handwash,Dettol Original Hand Wash Refill,675 mL,109,103,6,In stock
814,27-07-26,Bengaluru,Blinkit,Personal hygiene,Handwash,Dettol Original Hand Wash Refill,675 mL,109,96,12,In stock
815,27-07-26,Chennai,Blinkit,Personal hygiene,Handwash,Dettol Original Hand Wash Refill,675 mL,109,96,12,In stock
816,27-07-26,Delhi,Instamart,Personal hygiene,Handwash,Dettol Original Hand Wash Refill,675 mL,109,102,6,In stock
817,27-07-26,Mumbai,Instamart,Personal hygiene,Handwash,Dettol Original Hand Wash Refill,675 mL,109,106,3,In stock
818,27-07-26,Pune,Instamart,Personal hygiene,Handwash,Dettol Original Hand Wash Refill,675 mL,109,104,5,In stock
819,27-07-26,Bengaluru,Instamart,Personal hygiene,Handwash,Dettol Original Hand Wash Refill,675 mL,109,103,6,In stock
820,27-07-26,Chennai,Instamart,Personal hygiene,Handwash,Dettol Original Hand Wash Refill,675 mL,109,103,6,In stock
821,27-07-26,Delhi,Zepto,Personal hygiene,Handwash,Dettol Original Hand Wash Refill,675 mL,109,92,16,In stock
822,27-07-26,Mumbai,Zepto,Personal hygiene,Handwash,Dettol Original Hand Wash Refill,675 mL,109,96,12,In stock
823,27-07-26,Pune,Zepto,Personal hygiene,Handwash,Dettol Original Hand Wash Refill,675 mL,109,95,13,In stock
824,27-07-26,Bengaluru,Zepto,Personal hygiene,Handwash,Dettol Original Hand Wash Refill,675 mL,109,95,13,In stock
825,27-07-26,Chennai,Zepto,Personal hygiene,Handwash,Dettol Original Hand Wash Refill,675 mL,109,95,13,In stock
826,28-07-26,Delhi,Blinkit,Personal hygiene,Handwash,Dettol Original Hand Wash Refill,675 mL,109,96,12,In stock
827,28-07-26,Mumbai,Blinkit,Personal hygiene,Handwash,Dettol Original Hand Wash Refill,675 mL,109,97,11,In stock
828,28-07-26,Pune,Blinkit,Personal hygiene,Handwash,Dettol Original Hand Wash Refill,675 mL,109,103,6,In stock
829,28-07-26,Bengaluru,Blinkit,Personal hygiene,Handwash,Dettol Original Hand Wash Refill,675 mL,109,96,12,In stock
830,28-07-26,Chennai,Blinkit,Personal hygiene,Handwash,Dettol Original Hand Wash Refill,675 mL,109,96,12,In stock
831,28-07-26,Delhi,Instamart,Personal hygiene,Handwash,Dettol Original Hand Wash Refill,675 mL,109,106,3,In stock
832,28-07-26,Mumbai,Instamart,Personal hygiene,Handwash,Dettol Original Hand Wash Refill,675 mL,109,106,3,In stock
833,28-07-26,Pune,Instamart,Personal hygiene,Handwash,Dettol Original Hand Wash Refill,675 mL,109,106,3,In stock
834,28-07-26,Bengaluru,Instamart,Personal hygiene,Handwash,Dettol Original Hand Wash Refill,675 mL,109,106,3,In stock
835,28-07-26,Chennai,Instamart,Personal hygiene,Handwash,Dettol Original Hand Wash Refill,675 mL,109,106,3,In stock
836,28-07-26,Delhi,Zepto,Personal hygiene,Handwash,Dettol Original Hand Wash Refill,675 mL,109,93,15,In stock
837,28-07-26,Mumbai,Zepto,Personal hygiene,Handwash,Dettol Original Hand Wash Refill,675 mL,109,95,13,In stock
838,28-07-26,Pune,Zepto,Personal hygiene,Handwash,Dettol Original Hand Wash Refill,675 mL,109,95,13,In stock
839,28-07-26,Bengaluru,Zepto,Personal hygiene,Handwash,Dettol Original Hand Wash Refill,675 mL,109,93,15,In stock
840,28-07-26,Chennai,Zepto,Personal hygiene,Handwash,Dettol Original Hand Wash Refill,675 mL,109,,100,Out of stock
841,22-07-26,Chennai,Instamart,Staples,Wheat flour,"Fortune Fresh (100 Atta, 0 Maida) Chakki Atta",5 kg,360,293,19,In stock
842,22-07-26,Delhi,Blinkit,Staples,Wheat flour,"Fortune Fresh (100 Atta, 0 Maida) Chakki Atta",5 kg,253,213,16,In stock
843,22-07-26,Mumbai,Blinkit,Staples,Wheat flour,"Fortune Fresh (100 Atta, 0 Maida) Chakki Atta",5 kg,277,213,23,In stock
844,22-07-26,Pune,Blinkit,Staples,Wheat flour,"Fortune Fresh (100 Atta, 0 Maida) Chakki Atta",5 kg,277,217,22,In stock
845,22-07-26,Bengaluru,Blinkit,Staples,Wheat flour,"Fortune Fresh (100 Atta, 0 Maida) Chakki Atta",5 kg,360,258,28,In stock
846,22-07-26,Delhi,Instamart,Staples,Wheat flour,"Fortune Fresh (100 Atta, 0 Maida) Chakki Atta",5 kg,253,222,12,In stock
847,22-07-26,Mumbai,Instamart,Staples,Wheat flour,"Fortune Fresh (100 Atta, 0 Maida) Chakki Atta",5 kg,277,224,19,In stock
848,22-07-26,Pune,Instamart,Staples,Wheat flour,"Fortune Fresh (100 Atta, 0 Maida) Chakki Atta",5 kg,277,246,11,In stock
849,22-07-26,Bengaluru,Instamart,Staples,Wheat flour,"Fortune Fresh (100 Atta, 0 Maida) Chakki Atta",5 kg,360,269,25,In stock
850,22-07-26,Delhi,Zepto,Staples,Wheat flour,"Fortune Fresh (100 Atta, 0 Maida) Chakki Atta",5 kg,253,208,18,In stock
851,22-07-26,Mumbai,Zepto,Staples,Wheat flour,"Fortune Fresh (100 Atta, 0 Maida) Chakki Atta",5 kg,277,212,23,In stock
852,22-07-26,Pune,Zepto,Staples,Wheat flour,"Fortune Fresh (100 Atta, 0 Maida) Chakki Atta",5 kg,277,211,24,In stock
853,22-07-26,Bengaluru,Zepto,Staples,Wheat flour,"Fortune Fresh (100 Atta, 0 Maida) Chakki Atta",5 kg,360,252,30,In stock
854,22-07-26,Chennai,Zepto,Staples,Wheat flour,"Fortune Fresh (100 Atta, 0 Maida) Chakki Atta",5 kg,360,259,28,In stock
855,22-07-26,Chennai,Blinkit,Staples,Wheat flour,"Fortune Fresh (100 Atta, 0 Maida) Chakki Atta",5 kg,277,,100,Out of stock
856,23-07-26,Delhi,Blinkit,Staples,Wheat flour,"Fortune Fresh (100 Atta, 0 Maida) Chakki Atta",5 kg,253,213,16,In stock
1699,23-07-26,Mumbai,Blinkit,Cleaning,Detergent Powder,Surf Excel Easy Wash Detergent Powder,1.5 kg,242,237,2,In stock
858,23-07-26,Pune,Blinkit,Staples,Wheat flour,"Fortune Fresh (100 Atta, 0 Maida) Chakki Atta",5 kg,277,217,22,In stock
859,23-07-26,Bengaluru,Blinkit,Staples,Wheat flour,"Fortune Fresh (100 Atta, 0 Maida) Chakki Atta",5 kg,360,258,28,In stock
860,23-07-26,Delhi,Instamart,Staples,Wheat flour,"Fortune Fresh (100 Atta, 0 Maida) Chakki Atta",5 kg,253,222,12,In stock
861,23-07-26,Mumbai,Instamart,Staples,Wheat flour,"Fortune Fresh (100 Atta, 0 Maida) Chakki Atta",5 kg,277,224,19,In stock
862,23-07-26,Pune,Instamart,Staples,Wheat flour,"Fortune Fresh (100 Atta, 0 Maida) Chakki Atta",5 kg,277,246,11,In stock
863,23-07-26,Bengaluru,Instamart,Staples,Wheat flour,"Fortune Fresh (100 Atta, 0 Maida) Chakki Atta",5 kg,360,269,25,In stock
864,23-07-26,Chennai,Instamart,Staples,Wheat flour,"Fortune Fresh (100 Atta, 0 Maida) Chakki Atta",5 kg,360,293,19,In stock
865,23-07-26,Delhi,Zepto,Staples,Wheat flour,"Fortune Fresh (100 Atta, 0 Maida) Chakki Atta",5 kg,253,208,18,In stock
866,23-07-26,Mumbai,Zepto,Staples,Wheat flour,"Fortune Fresh (100 Atta, 0 Maida) Chakki Atta",5 kg,277,212,23,In stock
867,23-07-26,Pune,Zepto,Staples,Wheat flour,"Fortune Fresh (100 Atta, 0 Maida) Chakki Atta",5 kg,277,211,24,In stock
868,23-07-26,Bengaluru,Zepto,Staples,Wheat flour,"Fortune Fresh (100 Atta, 0 Maida) Chakki Atta",5 kg,360,256,29,In stock
869,23-07-26,Chennai,Zepto,Staples,Wheat flour,"Fortune Fresh (100 Atta, 0 Maida) Chakki Atta",5 kg,360,259,28,In stock
870,23-07-26,Chennai,Blinkit,Staples,Wheat flour,"Fortune Fresh (100 Atta, 0 Maida) Chakki Atta",5 kg,277,,100,Out of stock
871,24-07-26,Delhi,Blinkit,Staples,Wheat flour,"Fortune Fresh (100 Atta, 0 Maida) Chakki Atta",5 kg,253,215,15,In stock
1802,23-07-26,Mumbai,Blinkit,Salt,Salt,Tata Salt (Vacuum Evaporated Iodised),1 kg,32,29,9,In stock
873,24-07-26,Pune,Blinkit,Staples,Wheat flour,"Fortune Fresh (100 Atta, 0 Maida) Chakki Atta",5 kg,277,217,22,In stock
874,24-07-26,Delhi,Instamart,Staples,Wheat flour,"Fortune Fresh (100 Atta, 0 Maida) Chakki Atta",5 kg,253,222,12,In stock
875,24-07-26,Mumbai,Instamart,Staples,Wheat flour,"Fortune Fresh (100 Atta, 0 Maida) Chakki Atta",5 kg,277,224,19,In stock
876,24-07-26,Pune,Instamart,Staples,Wheat flour,"Fortune Fresh (100 Atta, 0 Maida) Chakki Atta",5 kg,277,246,11,In stock
877,24-07-26,Bengaluru,Instamart,Staples,Wheat flour,"Fortune Fresh (100 Atta, 0 Maida) Chakki Atta",5 kg,360,269,25,In stock
878,24-07-26,Chennai,Instamart,Staples,Wheat flour,"Fortune Fresh (100 Atta, 0 Maida) Chakki Atta",5 kg,360,293,19,In stock
879,24-07-26,Delhi,Zepto,Staples,Wheat flour,"Fortune Fresh (100 Atta, 0 Maida) Chakki Atta",5 kg,253,208,18,In stock
880,24-07-26,Pune,Zepto,Staples,Wheat flour,"Fortune Fresh (100 Atta, 0 Maida) Chakki Atta",5 kg,277,211,24,In stock
881,24-07-26,Bengaluru,Zepto,Staples,Wheat flour,"Fortune Fresh (100 Atta, 0 Maida) Chakki Atta",5 kg,360,256,29,In stock
882,24-07-26,Chennai,Zepto,Staples,Wheat flour,"Fortune Fresh (100 Atta, 0 Maida) Chakki Atta",5 kg,360,259,28,In stock
883,24-07-26,Bengaluru,Blinkit,Staples,Wheat flour,"Fortune Fresh (100 Atta, 0 Maida) Chakki Atta",5 kg,360,,100,Out of stock
884,24-07-26,Chennai,Blinkit,Staples,Wheat flour,"Fortune Fresh (100 Atta, 0 Maida) Chakki Atta",5 kg,277,,100,Out of stock
885,24-07-26,Mumbai,Zepto,Staples,Wheat flour,"Fortune Fresh (100 Atta, 0 Maida) Chakki Atta",5 kg,277,,100,Out of stock
886,25-07-26,Delhi,Blinkit,Staples,Wheat flour,"Fortune Fresh (100 Atta, 0 Maida) Chakki Atta",5 kg,253,213,16,In stock
887,25-07-26,Mumbai,Blinkit,Staples,Wheat flour,"Fortune Fresh (100 Atta, 0 Maida) Chakki Atta",5 kg,277,213,23,In stock
888,25-07-26,Pune,Blinkit,Staples,Wheat flour,"Fortune Fresh (100 Atta, 0 Maida) Chakki Atta",5 kg,277,217,22,In stock
889,25-07-26,Delhi,Instamart,Staples,Wheat flour,"Fortune Fresh (100 Atta, 0 Maida) Chakki Atta",5 kg,253,222,12,In stock
890,25-07-26,Mumbai,Instamart,Staples,Wheat flour,"Fortune Fresh (100 Atta, 0 Maida) Chakki Atta",5 kg,277,224,19,In stock
891,25-07-26,Pune,Instamart,Staples,Wheat flour,"Fortune Fresh (100 Atta, 0 Maida) Chakki Atta",5 kg,277,238,14,In stock
892,25-07-26,Bengaluru,Instamart,Staples,Wheat flour,"Fortune Fresh (100 Atta, 0 Maida) Chakki Atta",5 kg,360,269,25,In stock
893,25-07-26,Chennai,Instamart,Staples,Wheat flour,"Fortune Fresh (100 Atta, 0 Maida) Chakki Atta",5 kg,360,293,19,In stock
894,25-07-26,Delhi,Zepto,Staples,Wheat flour,"Fortune Fresh (100 Atta, 0 Maida) Chakki Atta",5 kg,253,208,18,In stock
895,25-07-26,Pune,Zepto,Staples,Wheat flour,"Fortune Fresh (100 Atta, 0 Maida) Chakki Atta",5 kg,277,216,22,In stock
896,25-07-26,Bengaluru,Zepto,Staples,Wheat flour,"Fortune Fresh (100 Atta, 0 Maida) Chakki Atta",5 kg,360,250,31,In stock
897,25-07-26,Chennai,Zepto,Staples,Wheat flour,"Fortune Fresh (100 Atta, 0 Maida) Chakki Atta",5 kg,360,259,28,In stock
898,25-07-26,Bengaluru,Blinkit,Staples,Wheat flour,"Fortune Fresh (100 Atta, 0 Maida) Chakki Atta",5 kg,360,,100,Out of stock
899,25-07-26,Chennai,Blinkit,Staples,Wheat flour,"Fortune Fresh (100 Atta, 0 Maida) Chakki Atta",5 kg,277,,100,Out of stock
900,25-07-26,Mumbai,Zepto,Staples,Wheat flour,"Fortune Fresh (100 Atta, 0 Maida) Chakki Atta",5 kg,277,,100,Out of stock
901,26-07-26,Delhi,Blinkit,Staples,Wheat flour,"Fortune Fresh (100 Atta, 0 Maida) Chakki Atta",5 kg,253,215,15,In stock
902,26-07-26,Pune,Blinkit,Staples,Wheat flour,"Fortune Fresh (100 Atta, 0 Maida) Chakki Atta",5 kg,277,217,22,In stock
903,26-07-26,Delhi,Instamart,Staples,Wheat flour,"Fortune Fresh (100 Atta, 0 Maida) Chakki Atta",5 kg,253,222,12,In stock
904,26-07-26,Mumbai,Instamart,Staples,Wheat flour,"Fortune Fresh (100 Atta, 0 Maida) Chakki Atta",5 kg,277,224,19,In stock
905,26-07-26,Pune,Instamart,Staples,Wheat flour,"Fortune Fresh (100 Atta, 0 Maida) Chakki Atta",5 kg,277,238,14,In stock
906,26-07-26,Bengaluru,Instamart,Staples,Wheat flour,"Fortune Fresh (100 Atta, 0 Maida) Chakki Atta",5 kg,360,269,25,In stock
907,26-07-26,Chennai,Instamart,Staples,Wheat flour,"Fortune Fresh (100 Atta, 0 Maida) Chakki Atta",5 kg,360,293,19,In stock
908,26-07-26,Delhi,Zepto,Staples,Wheat flour,"Fortune Fresh (100 Atta, 0 Maida) Chakki Atta",5 kg,253,208,18,In stock
909,26-07-26,Mumbai,Zepto,Staples,Wheat flour,"Fortune Fresh (100 Atta, 0 Maida) Chakki Atta",5 kg,277,211,24,In stock
910,26-07-26,Pune,Zepto,Staples,Wheat flour,"Fortune Fresh (100 Atta, 0 Maida) Chakki Atta",5 kg,277,216,22,In stock
911,26-07-26,Bengaluru,Zepto,Staples,Wheat flour,"Fortune Fresh (100 Atta, 0 Maida) Chakki Atta",5 kg,360,256,29,In stock
912,26-07-26,Mumbai,Blinkit,Staples,Wheat flour,"Fortune Fresh (100 Atta, 0 Maida) Chakki Atta",5 kg,277,,100,Out of stock
913,26-07-26,Bengaluru,Blinkit,Staples,Wheat flour,"Fortune Fresh (100 Atta, 0 Maida) Chakki Atta",5 kg,360,,100,Out of stock
914,26-07-26,Chennai,Blinkit,Staples,Wheat flour,"Fortune Fresh (100 Atta, 0 Maida) Chakki Atta",5 kg,277,,100,Out of stock
915,26-07-26,Chennai,Zepto,Staples,Wheat flour,"Fortune Fresh (100 Atta, 0 Maida) Chakki Atta",5 kg,360,,100,Out of stock
916,27-07-26,Delhi,Blinkit,Staples,Wheat flour,"Fortune Fresh (100 Atta, 0 Maida) Chakki Atta",5 kg,253,215,15,In stock
917,27-07-26,Pune,Blinkit,Staples,Wheat flour,"Fortune Fresh (100 Atta, 0 Maida) Chakki Atta",5 kg,277,217,22,In stock
918,27-07-26,Bengaluru,Blinkit,Staples,Wheat flour,"Fortune Fresh (100 Atta, 0 Maida) Chakki Atta",5 kg,360,258,28,In stock
919,27-07-26,Delhi,Instamart,Staples,Wheat flour,"Fortune Fresh (100 Atta, 0 Maida) Chakki Atta",5 kg,253,222,12,In stock
920,27-07-26,Mumbai,Instamart,Staples,Wheat flour,"Fortune Fresh (100 Atta, 0 Maida) Chakki Atta",5 kg,277,224,19,In stock
921,27-07-26,Pune,Instamart,Staples,Wheat flour,"Fortune Fresh (100 Atta, 0 Maida) Chakki Atta",5 kg,277,246,11,In stock
922,27-07-26,Bengaluru,Instamart,Staples,Wheat flour,"Fortune Fresh (100 Atta, 0 Maida) Chakki Atta",5 kg,360,269,25,In stock
923,27-07-26,Chennai,Instamart,Staples,Wheat flour,"Fortune Fresh (100 Atta, 0 Maida) Chakki Atta",5 kg,360,293,19,In stock
924,27-07-26,Delhi,Zepto,Staples,Wheat flour,"Fortune Fresh (100 Atta, 0 Maida) Chakki Atta",5 kg,253,208,18,In stock
925,27-07-26,Mumbai,Zepto,Staples,Wheat flour,"Fortune Fresh (100 Atta, 0 Maida) Chakki Atta",5 kg,277,211,24,In stock
926,27-07-26,Pune,Zepto,Staples,Wheat flour,"Fortune Fresh (100 Atta, 0 Maida) Chakki Atta",5 kg,277,211,24,In stock
927,27-07-26,Bengaluru,Zepto,Staples,Wheat flour,"Fortune Fresh (100 Atta, 0 Maida) Chakki Atta",5 kg,360,242,33,In stock
928,27-07-26,Chennai,Zepto,Staples,Wheat flour,"Fortune Fresh (100 Atta, 0 Maida) Chakki Atta",5 kg,360,258,28,In stock
929,27-07-26,Mumbai,Blinkit,Staples,Wheat flour,"Fortune Fresh (100 Atta, 0 Maida) Chakki Atta",5 kg,277,,100,Out of stock
930,27-07-26,Chennai,Blinkit,Staples,Wheat flour,"Fortune Fresh (100 Atta, 0 Maida) Chakki Atta",5 kg,277,,100,Out of stock
931,28-07-26,Delhi,Blinkit,Staples,Wheat flour,"Fortune Fresh (100 Atta, 0 Maida) Chakki Atta",5 kg,253,215,15,In stock
932,28-07-26,Mumbai,Blinkit,Staples,Wheat flour,"Fortune Fresh (100 Atta, 0 Maida) Chakki Atta",5 kg,277,215,22,In stock
933,28-07-26,Pune,Blinkit,Staples,Wheat flour,"Fortune Fresh (100 Atta, 0 Maida) Chakki Atta",5 kg,277,217,22,In stock
934,28-07-26,Bengaluru,Blinkit,Staples,Wheat flour,"Fortune Fresh (100 Atta, 0 Maida) Chakki Atta",5 kg,360,258,28,In stock
935,28-07-26,Chennai,Blinkit,Staples,Wheat flour,"Fortune Fresh (100 Atta, 0 Maida) Chakki Atta",5 kg,360,285,21,In stock
936,28-07-26,Delhi,Instamart,Staples,Wheat flour,"Fortune Fresh (100 Atta, 0 Maida) Chakki Atta",5 kg,253,222,12,In stock
937,28-07-26,Mumbai,Instamart,Staples,Wheat flour,"Fortune Fresh (100 Atta, 0 Maida) Chakki Atta",5 kg,277,226,18,In stock
938,28-07-26,Pune,Instamart,Staples,Wheat flour,"Fortune Fresh (100 Atta, 0 Maida) Chakki Atta",5 kg,277,229,17,In stock
939,28-07-26,Bengaluru,Instamart,Staples,Wheat flour,"Fortune Fresh (100 Atta, 0 Maida) Chakki Atta",5 kg,360,273,24,In stock
940,28-07-26,Chennai,Instamart,Staples,Wheat flour,"Fortune Fresh (100 Atta, 0 Maida) Chakki Atta",5 kg,360,293,19,In stock
941,28-07-26,Delhi,Zepto,Staples,Wheat flour,"Fortune Fresh (100 Atta, 0 Maida) Chakki Atta",5 kg,253,208,18,In stock
942,28-07-26,Mumbai,Zepto,Staples,Wheat flour,"Fortune Fresh (100 Atta, 0 Maida) Chakki Atta",5 kg,277,211,24,In stock
943,28-07-26,Pune,Zepto,Staples,Wheat flour,"Fortune Fresh (100 Atta, 0 Maida) Chakki Atta",5 kg,277,211,24,In stock
944,28-07-26,Bengaluru,Zepto,Staples,Wheat flour,"Fortune Fresh (100 Atta, 0 Maida) Chakki Atta",5 kg,360,242,33,In stock
945,28-07-26,Chennai,Zepto,Staples,Wheat flour,"Fortune Fresh (100 Atta, 0 Maida) Chakki Atta",5 kg,360,258,28,In stock
946,22-07-26,Delhi,Blinkit,Staples,Rice,India gate super basmati rice extra long grain,5 kg,1082,837,23,In stock
947,22-07-26,Mumbai,Blinkit,Staples,Rice,India gate super basmati rice extra long grain,5 kg,1082,837,23,In stock
948,22-07-26,Pune,Blinkit,Staples,Rice,India gate super basmati rice extra long grain,5 kg,1082,837,23,In stock
949,22-07-26,Bengaluru,Blinkit,Staples,Rice,India gate super basmati rice extra long grain,5 kg,1082,837,23,In stock
950,22-07-26,Chennai,Blinkit,Staples,Rice,India gate super basmati rice extra long grain,5 kg,1082,837,23,In stock
951,22-07-26,Delhi,Instamart,Staples,Rice,India gate super basmati rice extra long grain,5 kg,1082,852,21,In stock
952,22-07-26,Mumbai,Instamart,Staples,Rice,India gate super basmati rice extra long grain,5 kg,1082,852,21,In stock
953,22-07-26,Pune,Instamart,Staples,Rice,India gate super basmati rice extra long grain,5 kg,1082,884,18,In stock
954,22-07-26,Bengaluru,Instamart,Staples,Rice,India gate super basmati rice extra long grain,5 kg,1082,852,21,In stock
955,22-07-26,Chennai,Instamart,Staples,Rice,India gate super basmati rice extra long grain,5 kg,1082,852,21,In stock
956,22-07-26,Delhi,Zepto,Staples,Rice,India gate super basmati rice extra long grain,5 kg,1082,798,26,In stock
957,22-07-26,Mumbai,Zepto,Staples,Rice,India gate super basmati rice extra long grain,5 kg,1082,775,28,In stock
958,22-07-26,Pune,Zepto,Staples,Rice,India gate super basmati rice extra long grain,5 kg,1082,755,30,In stock
959,22-07-26,Bengaluru,Zepto,Staples,Rice,India gate super basmati rice extra long grain,5 kg,1082,819,24,In stock
960,22-07-26,Chennai,Zepto,Staples,Rice,India gate super basmati rice extra long grain,5 kg,1082,798,26,In stock
961,23-07-26,Delhi,Blinkit,Staples,Rice,India gate super basmati rice extra long grain,5 kg,1082,837,23,In stock
753,24-07-26,Mumbai,Blinkit,Personal hygiene,Handwash,Dettol Original Hand Wash Refill,675 mL,109,97,11,In stock
963,23-07-26,Pune,Blinkit,Staples,Rice,India gate super basmati rice extra long grain,5 kg,1082,763,29,In stock
964,23-07-26,Bengaluru,Blinkit,Staples,Rice,India gate super basmati rice extra long grain,5 kg,1082,837,23,In stock
965,23-07-26,Chennai,Blinkit,Staples,Rice,India gate super basmati rice extra long grain,5 kg,1082,837,23,In stock
966,23-07-26,Delhi,Instamart,Staples,Rice,India gate super basmati rice extra long grain,5 kg,1082,852,21,In stock
967,23-07-26,Mumbai,Instamart,Staples,Rice,India gate super basmati rice extra long grain,5 kg,1082,852,21,In stock
968,23-07-26,Pune,Instamart,Staples,Rice,India gate super basmati rice extra long grain,5 kg,1082,871,20,In stock
969,23-07-26,Bengaluru,Instamart,Staples,Rice,India gate super basmati rice extra long grain,5 kg,1082,852,21,In stock
970,23-07-26,Chennai,Instamart,Staples,Rice,India gate super basmati rice extra long grain,5 kg,1082,852,21,In stock
971,23-07-26,Delhi,Zepto,Staples,Rice,India gate super basmati rice extra long grain,5 kg,1082,816,25,In stock
972,23-07-26,Mumbai,Zepto,Staples,Rice,India gate super basmati rice extra long grain,5 kg,1082,723,33,In stock
973,23-07-26,Pune,Zepto,Staples,Rice,India gate super basmati rice extra long grain,5 kg,1082,755,30,In stock
974,23-07-26,Bengaluru,Zepto,Staples,Rice,India gate super basmati rice extra long grain,5 kg,1082,798,26,In stock
975,23-07-26,Chennai,Zepto,Staples,Rice,India gate super basmati rice extra long grain,5 kg,1082,798,26,In stock
976,24-07-26,Delhi,Blinkit,Staples,Rice,India gate super basmati rice extra long grain,5 kg,1082,837,23,In stock
1803,24-07-26,Mumbai,Blinkit,Salt,Salt,Tata Salt (Vacuum Evaporated Iodised),1 kg,32,29,9,In stock
978,24-07-26,Pune,Blinkit,Staples,Rice,India gate super basmati rice extra long grain,5 kg,1082,837,23,In stock
979,24-07-26,Chennai,Blinkit,Staples,Rice,India gate super basmati rice extra long grain,5 kg,1082,837,23,In stock
980,24-07-26,Delhi,Instamart,Staples,Rice,India gate super basmati rice extra long grain,5 kg,1082,852,21,In stock
981,24-07-26,Mumbai,Instamart,Staples,Rice,India gate super basmati rice extra long grain,5 kg,1082,852,21,In stock
982,24-07-26,Pune,Instamart,Staples,Rice,India gate super basmati rice extra long grain,5 kg,1082,884,18,In stock
983,24-07-26,Bengaluru,Instamart,Staples,Rice,India gate super basmati rice extra long grain,5 kg,1082,852,21,In stock
984,24-07-26,Chennai,Instamart,Staples,Rice,India gate super basmati rice extra long grain,5 kg,1082,852,21,In stock
985,24-07-26,Delhi,Zepto,Staples,Rice,India gate super basmati rice extra long grain,5 kg,1082,813,25,In stock
986,24-07-26,Mumbai,Zepto,Staples,Rice,India gate super basmati rice extra long grain,5 kg,1082,723,33,In stock
987,24-07-26,Pune,Zepto,Staples,Rice,India gate super basmati rice extra long grain,5 kg,1082,755,30,In stock
988,24-07-26,Bengaluru,Zepto,Staples,Rice,India gate super basmati rice extra long grain,5 kg,1082,836,23,In stock
989,24-07-26,Chennai,Zepto,Staples,Rice,India gate super basmati rice extra long grain,5 kg,1082,804,26,In stock
990,24-07-26,Bengaluru,Blinkit,Staples,Rice,India gate super basmati rice extra long grain,5 kg,1082,,100,Out of stock
991,25-07-26,Delhi,Blinkit,Staples,Rice,India gate super basmati rice extra long grain,5 kg,1082,837,23,In stock
992,25-07-26,Mumbai,Blinkit,Staples,Rice,India gate super basmati rice extra long grain,5 kg,1082,837,23,In stock
993,25-07-26,Pune,Blinkit,Staples,Rice,India gate super basmati rice extra long grain,5 kg,1082,763,29,In stock
994,25-07-26,Chennai,Blinkit,Staples,Rice,India gate super basmati rice extra long grain,5 kg,1082,837,23,In stock
995,25-07-26,Delhi,Instamart,Staples,Rice,India gate super basmati rice extra long grain,5 kg,1082,852,21,In stock
996,25-07-26,Pune,Instamart,Staples,Rice,India gate super basmati rice extra long grain,5 kg,1082,852,21,In stock
997,25-07-26,Bengaluru,Instamart,Staples,Rice,India gate super basmati rice extra long grain,5 kg,1082,852,21,In stock
998,25-07-26,Chennai,Instamart,Staples,Rice,India gate super basmati rice extra long grain,5 kg,1082,852,21,In stock
999,25-07-26,Delhi,Zepto,Staples,Rice,India gate super basmati rice extra long grain,5 kg,1082,815,25,In stock
1000,25-07-26,Mumbai,Zepto,Staples,Rice,India gate super basmati rice extra long grain,5 kg,1082,723,33,In stock
1001,25-07-26,Pune,Zepto,Staples,Rice,India gate super basmati rice extra long grain,5 kg,1082,755,30,In stock
1002,25-07-26,Bengaluru,Zepto,Staples,Rice,India gate super basmati rice extra long grain,5 kg,1082,836,23,In stock
1003,25-07-26,Chennai,Zepto,Staples,Rice,India gate super basmati rice extra long grain,5 kg,1082,836,23,In stock
1004,25-07-26,Bengaluru,Blinkit,Staples,Rice,India gate super basmati rice extra long grain,5 kg,1082,,100,Out of stock
1005,25-07-26,Mumbai,Instamart,Staples,Rice,India gate super basmati rice extra long grain,5 kg,1082,,100,Out of stock
1006,26-07-26,Delhi,Blinkit,Staples,Rice,India gate super basmati rice extra long grain,5 kg,1082,837,23,In stock
1007,26-07-26,Mumbai,Blinkit,Staples,Rice,India gate super basmati rice extra long grain,5 kg,1082,837,23,In stock
1008,26-07-26,Pune,Blinkit,Staples,Rice,India gate super basmati rice extra long grain,5 kg,1082,837,23,In stock
1009,26-07-26,Chennai,Blinkit,Staples,Rice,India gate super basmati rice extra long grain,5 kg,1082,837,23,In stock
1010,26-07-26,Delhi,Instamart,Staples,Rice,India gate super basmati rice extra long grain,5 kg,1082,852,21,In stock
1011,26-07-26,Pune,Instamart,Staples,Rice,India gate super basmati rice extra long grain,5 kg,1082,852,21,In stock
1012,26-07-26,Bengaluru,Instamart,Staples,Rice,India gate super basmati rice extra long grain,5 kg,1082,852,21,In stock
1013,26-07-26,Chennai,Instamart,Staples,Rice,India gate super basmati rice extra long grain,5 kg,1082,852,21,In stock
1014,26-07-26,Delhi,Zepto,Staples,Rice,India gate super basmati rice extra long grain,5 kg,1082,816,25,In stock
1015,26-07-26,Mumbai,Zepto,Staples,Rice,India gate super basmati rice extra long grain,5 kg,1082,723,33,In stock
1016,26-07-26,Pune,Zepto,Staples,Rice,India gate super basmati rice extra long grain,5 kg,1082,755,30,In stock
1017,26-07-26,Bengaluru,Zepto,Staples,Rice,India gate super basmati rice extra long grain,5 kg,1082,836,23,In stock
1018,26-07-26,Chennai,Zepto,Staples,Rice,India gate super basmati rice extra long grain,5 kg,1082,836,23,In stock
1019,26-07-26,Bengaluru,Blinkit,Staples,Rice,India gate super basmati rice extra long grain,5 kg,1082,,100,Out of stock
1020,26-07-26,Mumbai,Instamart,Staples,Rice,India gate super basmati rice extra long grain,5 kg,1082,,100,Out of stock
1021,27-07-26,Delhi,Blinkit,Staples,Rice,India gate super basmati rice extra long grain,5 kg,1082,837,23,In stock
1022,27-07-26,Mumbai,Blinkit,Staples,Rice,India gate super basmati rice extra long grain,5 kg,1082,837,23,In stock
1023,27-07-26,Pune,Blinkit,Staples,Rice,India gate super basmati rice extra long grain,5 kg,1082,763,29,In stock
1024,27-07-26,Chennai,Blinkit,Staples,Rice,India gate super basmati rice extra long grain,5 kg,1082,837,23,In stock
1025,27-07-26,Delhi,Instamart,Staples,Rice,India gate super basmati rice extra long grain,5 kg,1082,852,21,In stock
1026,27-07-26,Mumbai,Instamart,Staples,Rice,India gate super basmati rice extra long grain,5 kg,1082,852,21,In stock
1027,27-07-26,Pune,Instamart,Staples,Rice,India gate super basmati rice extra long grain,5 kg,1082,884,18,In stock
1028,27-07-26,Bengaluru,Instamart,Staples,Rice,India gate super basmati rice extra long grain,5 kg,1082,852,21,In stock
1029,27-07-26,Chennai,Instamart,Staples,Rice,India gate super basmati rice extra long grain,5 kg,1082,852,21,In stock
1030,27-07-26,Delhi,Zepto,Staples,Rice,India gate super basmati rice extra long grain,5 kg,1082,816,25,In stock
1031,27-07-26,Mumbai,Zepto,Staples,Rice,India gate super basmati rice extra long grain,5 kg,1082,723,33,In stock
1032,27-07-26,Pune,Zepto,Staples,Rice,India gate super basmati rice extra long grain,5 kg,1082,755,30,In stock
1033,27-07-26,Bengaluru,Zepto,Staples,Rice,India gate super basmati rice extra long grain,5 kg,1082,836,23,In stock
1034,27-07-26,Chennai,Zepto,Staples,Rice,India gate super basmati rice extra long grain,5 kg,1082,836,23,In stock
1035,27-07-26,Bengaluru,Blinkit,Staples,Rice,India gate super basmati rice extra long grain,5 kg,1082,,100,Out of stock
1036,28-07-26,Delhi,Blinkit,Staples,Rice,India gate super basmati rice extra long grain,5 kg,1082,837,23,In stock
1037,28-07-26,Mumbai,Blinkit,Staples,Rice,India gate super basmati rice extra long grain,5 kg,1082,837,23,In stock
1038,28-07-26,Pune,Blinkit,Staples,Rice,India gate super basmati rice extra long grain,5 kg,1082,837,23,In stock
1039,28-07-26,Bengaluru,Blinkit,Staples,Rice,India gate super basmati rice extra long grain,5 kg,1082,837,23,In stock
1040,28-07-26,Chennai,Blinkit,Staples,Rice,India gate super basmati rice extra long grain,5 kg,1082,837,23,In stock
1041,28-07-26,Delhi,Instamart,Staples,Rice,India gate super basmati rice extra long grain,5 kg,1082,852,21,In stock
1042,28-07-26,Mumbai,Instamart,Staples,Rice,India gate super basmati rice extra long grain,5 kg,1082,852,21,In stock
1043,28-07-26,Pune,Instamart,Staples,Rice,India gate super basmati rice extra long grain,5 kg,1082,852,21,In stock
1044,28-07-26,Bengaluru,Instamart,Staples,Rice,India gate super basmati rice extra long grain,5 kg,1082,852,21,In stock
1045,28-07-26,Chennai,Instamart,Staples,Rice,India gate super basmati rice extra long grain,5 kg,1082,852,21,In stock
1046,28-07-26,Delhi,Zepto,Staples,Rice,India gate super basmati rice extra long grain,5 kg,1082,816,25,In stock
1047,28-07-26,Mumbai,Zepto,Staples,Rice,India gate super basmati rice extra long grain,5 kg,1082,723,33,In stock
1048,28-07-26,Pune,Zepto,Staples,Rice,India gate super basmati rice extra long grain,5 kg,1082,755,30,In stock
1049,28-07-26,Bengaluru,Zepto,Staples,Rice,India gate super basmati rice extra long grain,5 kg,1082,836,23,In stock
1050,28-07-26,Chennai,Zepto,Staples,Rice,India gate super basmati rice extra long grain,5 kg,1082,836,23,In stock
1051,22-07-26,Delhi,Blinkit,Snacks,Chips,Lay's India's Magic Masala Potato Chips,58 g,25,25,0,In stock
1052,22-07-26,Mumbai,Blinkit,Snacks,Chips,Lay's India's Magic Masala Potato Chips,58 g,25,25,0,In stock
1053,22-07-26,Pune,Blinkit,Snacks,Chips,Lay's India's Magic Masala Potato Chips,58 g,25,25,0,In stock
1054,22-07-26,Bengaluru,Blinkit,Snacks,Chips,Lay's India's Magic Masala Potato Chips,58 g,25,25,0,In stock
1055,22-07-26,Chennai,Blinkit,Snacks,Chips,Lay's India's Magic Masala Potato Chips,58 g,25,25,0,In stock
1056,22-07-26,Delhi,Instamart,Snacks,Chips,Lay's India's Magic Masala Potato Chips,58 g,25,25,0,In stock
1057,22-07-26,Mumbai,Instamart,Snacks,Chips,Lay's India's Magic Masala Potato Chips,58 g,25,25,0,In stock
1058,22-07-26,Pune,Instamart,Snacks,Chips,Lay's India's Magic Masala Potato Chips,58 g,25,25,0,In stock
1059,22-07-26,Bengaluru,Instamart,Snacks,Chips,Lay's India's Magic Masala Potato Chips,58 g,25,25,0,In stock
1060,22-07-26,Chennai,Instamart,Snacks,Chips,Lay's India's Magic Masala Potato Chips,58 g,25,25,0,In stock
1061,22-07-26,Delhi,Zepto,Snacks,Chips,Lay's India's Magic Masala Potato Chips,58 g,25,25,0,In stock
1062,22-07-26,Mumbai,Zepto,Snacks,Chips,Lay's India's Magic Masala Potato Chips,58 g,25,25,0,In stock
1063,22-07-26,Pune,Zepto,Snacks,Chips,Lay's India's Magic Masala Potato Chips,58 g,25,25,0,In stock
1064,22-07-26,Bengaluru,Zepto,Snacks,Chips,Lay's India's Magic Masala Potato Chips,58 g,25,25,0,In stock
1065,22-07-26,Chennai,Zepto,Snacks,Chips,Lay's India's Magic Masala Potato Chips,58 g,25,25,0,In stock
1066,23-07-26,Delhi,Blinkit,Snacks,Chips,Lay's India's Magic Masala Potato Chips,58 g,25,25,0,In stock
32,24-07-26,Mumbai,Blinkit,Dairy,Butter,Amul Salted Butter,100 g,63,63,0,In stock
1068,23-07-26,Pune,Blinkit,Snacks,Chips,Lay's India's Magic Masala Potato Chips,58 g,25,25,0,In stock
1069,23-07-26,Bengaluru,Blinkit,Snacks,Chips,Lay's India's Magic Masala Potato Chips,58 g,25,25,0,In stock
1070,23-07-26,Chennai,Blinkit,Snacks,Chips,Lay's India's Magic Masala Potato Chips,58 g,25,25,0,In stock
1071,23-07-26,Delhi,Instamart,Snacks,Chips,Lay's India's Magic Masala Potato Chips,58 g,25,25,0,In stock
1072,23-07-26,Mumbai,Instamart,Snacks,Chips,Lay's India's Magic Masala Potato Chips,58 g,25,25,0,In stock
1073,23-07-26,Pune,Instamart,Snacks,Chips,Lay's India's Magic Masala Potato Chips,58 g,25,25,0,In stock
1074,23-07-26,Bengaluru,Instamart,Snacks,Chips,Lay's India's Magic Masala Potato Chips,58 g,25,25,0,In stock
1075,23-07-26,Chennai,Instamart,Snacks,Chips,Lay's India's Magic Masala Potato Chips,58 g,25,25,0,In stock
1076,23-07-26,Delhi,Zepto,Snacks,Chips,Lay's India's Magic Masala Potato Chips,58 g,25,25,0,In stock
1077,23-07-26,Mumbai,Zepto,Snacks,Chips,Lay's India's Magic Masala Potato Chips,58 g,25,25,0,In stock
1078,23-07-26,Pune,Zepto,Snacks,Chips,Lay's India's Magic Masala Potato Chips,58 g,25,25,0,In stock
1079,23-07-26,Bengaluru,Zepto,Snacks,Chips,Lay's India's Magic Masala Potato Chips,58 g,25,25,0,In stock
1080,23-07-26,Chennai,Zepto,Snacks,Chips,Lay's India's Magic Masala Potato Chips,58 g,25,25,0,In stock
1081,24-07-26,Delhi,Blinkit,Snacks,Chips,Lay's India's Magic Masala Potato Chips,58 g,25,25,0,In stock
150,24-07-26,Mumbai,Blinkit,Dairy,Milk,Amul Taaza Toned Milk Tetrapack,1 lit,77,,100,Out of stock
1083,24-07-26,Pune,Blinkit,Snacks,Chips,Lay's India's Magic Masala Potato Chips,58 g,25,25,0,In stock
1084,24-07-26,Bengaluru,Blinkit,Snacks,Chips,Lay's India's Magic Masala Potato Chips,58 g,25,25,0,In stock
1085,24-07-26,Chennai,Blinkit,Snacks,Chips,Lay's India's Magic Masala Potato Chips,58 g,25,25,0,In stock
1086,24-07-26,Delhi,Instamart,Snacks,Chips,Lay's India's Magic Masala Potato Chips,58 g,25,25,0,In stock
1087,24-07-26,Mumbai,Instamart,Snacks,Chips,Lay's India's Magic Masala Potato Chips,58 g,25,25,0,In stock
1088,24-07-26,Pune,Instamart,Snacks,Chips,Lay's India's Magic Masala Potato Chips,58 g,25,25,0,In stock
1089,24-07-26,Bengaluru,Instamart,Snacks,Chips,Lay's India's Magic Masala Potato Chips,58 g,25,25,0,In stock
1090,24-07-26,Chennai,Instamart,Snacks,Chips,Lay's India's Magic Masala Potato Chips,58 g,25,25,0,In stock
1091,24-07-26,Delhi,Zepto,Snacks,Chips,Lay's India's Magic Masala Potato Chips,58 g,25,25,0,In stock
1092,24-07-26,Mumbai,Zepto,Snacks,Chips,Lay's India's Magic Masala Potato Chips,58 g,25,25,0,In stock
1093,24-07-26,Pune,Zepto,Snacks,Chips,Lay's India's Magic Masala Potato Chips,58 g,25,25,0,In stock
1094,24-07-26,Bengaluru,Zepto,Snacks,Chips,Lay's India's Magic Masala Potato Chips,58 g,25,25,0,In stock
1095,24-07-26,Chennai,Zepto,Snacks,Chips,Lay's India's Magic Masala Potato Chips,58 g,25,25,0,In stock
1096,25-07-26,Delhi,Blinkit,Snacks,Chips,Lay's India's Magic Masala Potato Chips,58 g,25,25,0,In stock
1097,25-07-26,Mumbai,Blinkit,Snacks,Chips,Lay's India's Magic Masala Potato Chips,58 g,25,25,0,In stock
1098,25-07-26,Pune,Blinkit,Snacks,Chips,Lay's India's Magic Masala Potato Chips,58 g,25,25,0,In stock
1099,25-07-26,Bengaluru,Blinkit,Snacks,Chips,Lay's India's Magic Masala Potato Chips,58 g,25,25,0,In stock
1100,25-07-26,Chennai,Blinkit,Snacks,Chips,Lay's India's Magic Masala Potato Chips,58 g,25,25,0,In stock
1101,25-07-26,Delhi,Instamart,Snacks,Chips,Lay's India's Magic Masala Potato Chips,58 g,25,25,0,In stock
1102,25-07-26,Mumbai,Instamart,Snacks,Chips,Lay's India's Magic Masala Potato Chips,58 g,25,25,0,In stock
1103,25-07-26,Pune,Instamart,Snacks,Chips,Lay's India's Magic Masala Potato Chips,58 g,25,25,0,In stock
1104,25-07-26,Bengaluru,Instamart,Snacks,Chips,Lay's India's Magic Masala Potato Chips,58 g,25,25,0,In stock
1105,25-07-26,Chennai,Instamart,Snacks,Chips,Lay's India's Magic Masala Potato Chips,58 g,25,25,0,In stock
1106,25-07-26,Delhi,Zepto,Snacks,Chips,Lay's India's Magic Masala Potato Chips,58 g,25,25,0,In stock
1107,25-07-26,Mumbai,Zepto,Snacks,Chips,Lay's India's Magic Masala Potato Chips,58 g,25,25,0,In stock
1108,25-07-26,Pune,Zepto,Snacks,Chips,Lay's India's Magic Masala Potato Chips,58 g,25,25,0,In stock
1109,25-07-26,Bengaluru,Zepto,Snacks,Chips,Lay's India's Magic Masala Potato Chips,58 g,25,25,0,In stock
1110,25-07-26,Chennai,Zepto,Snacks,Chips,Lay's India's Magic Masala Potato Chips,58 g,25,25,0,In stock
1111,26-07-26,Delhi,Blinkit,Snacks,Chips,Lay's India's Magic Masala Potato Chips,58 g,25,25,0,In stock
1112,26-07-26,Mumbai,Blinkit,Snacks,Chips,Lay's India's Magic Masala Potato Chips,58 g,25,25,0,In stock
1113,26-07-26,Bengaluru,Blinkit,Snacks,Chips,Lay's India's Magic Masala Potato Chips,58 g,25,25,0,In stock
1114,26-07-26,Chennai,Blinkit,Snacks,Chips,Lay's India's Magic Masala Potato Chips,58 g,25,25,0,In stock
1115,26-07-26,Delhi,Instamart,Snacks,Chips,Lay's India's Magic Masala Potato Chips,58 g,25,25,0,In stock
1116,26-07-26,Mumbai,Instamart,Snacks,Chips,Lay's India's Magic Masala Potato Chips,58 g,25,25,0,In stock
1117,26-07-26,Pune,Instamart,Snacks,Chips,Lay's India's Magic Masala Potato Chips,58 g,25,25,0,In stock
1118,26-07-26,Bengaluru,Instamart,Snacks,Chips,Lay's India's Magic Masala Potato Chips,58 g,25,25,0,In stock
1119,26-07-26,Chennai,Instamart,Snacks,Chips,Lay's India's Magic Masala Potato Chips,58 g,25,25,0,In stock
1120,26-07-26,Delhi,Zepto,Snacks,Chips,Lay's India's Magic Masala Potato Chips,58 g,25,25,0,In stock
1121,26-07-26,Mumbai,Zepto,Snacks,Chips,Lay's India's Magic Masala Potato Chips,58 g,25,25,0,In stock
1122,26-07-26,Pune,Zepto,Snacks,Chips,Lay's India's Magic Masala Potato Chips,58 g,25,25,0,In stock
1123,26-07-26,Bengaluru,Zepto,Snacks,Chips,Lay's India's Magic Masala Potato Chips,58 g,25,25,0,In stock
1124,26-07-26,Chennai,Zepto,Snacks,Chips,Lay's India's Magic Masala Potato Chips,58 g,25,25,0,In stock
1125,26-07-26,Pune,Blinkit,Snacks,Chips,Lay's India's Magic Masala Potato Chips,58 g,25,,100,Out of stock
1126,27-07-26,Delhi,Blinkit,Snacks,Chips,Lay's India's Magic Masala Potato Chips,58 g,25,25,0,In stock
1127,27-07-26,Mumbai,Blinkit,Snacks,Chips,Lay's India's Magic Masala Potato Chips,58 g,25,25,0,In stock
1128,27-07-26,Bengaluru,Blinkit,Snacks,Chips,Lay's India's Magic Masala Potato Chips,58 g,25,25,0,In stock
1129,27-07-26,Chennai,Blinkit,Snacks,Chips,Lay's India's Magic Masala Potato Chips,58 g,25,25,0,In stock
1130,27-07-26,Delhi,Instamart,Snacks,Chips,Lay's India's Magic Masala Potato Chips,58 g,25,25,0,In stock
1131,27-07-26,Mumbai,Instamart,Snacks,Chips,Lay's India's Magic Masala Potato Chips,58 g,25,25,0,In stock
1132,27-07-26,Pune,Instamart,Snacks,Chips,Lay's India's Magic Masala Potato Chips,58 g,25,25,0,In stock
1133,27-07-26,Bengaluru,Instamart,Snacks,Chips,Lay's India's Magic Masala Potato Chips,58 g,25,25,0,In stock
1134,27-07-26,Chennai,Instamart,Snacks,Chips,Lay's India's Magic Masala Potato Chips,58 g,25,25,0,In stock
1135,27-07-26,Delhi,Zepto,Snacks,Chips,Lay's India's Magic Masala Potato Chips,58 g,25,25,0,In stock
1136,27-07-26,Mumbai,Zepto,Snacks,Chips,Lay's India's Magic Masala Potato Chips,58 g,25,25,0,In stock
1137,27-07-26,Pune,Zepto,Snacks,Chips,Lay's India's Magic Masala Potato Chips,58 g,25,25,0,In stock
1138,27-07-26,Bengaluru,Zepto,Snacks,Chips,Lay's India's Magic Masala Potato Chips,58 g,25,25,0,In stock
1139,27-07-26,Chennai,Zepto,Snacks,Chips,Lay's India's Magic Masala Potato Chips,58 g,25,25,0,In stock
1140,27-07-26,Pune,Blinkit,Snacks,Chips,Lay's India's Magic Masala Potato Chips,58 g,25,,100,Out of stock
1141,28-07-26,Delhi,Blinkit,Snacks,Chips,Lay's India's Magic Masala Potato Chips,58 g,25,25,0,In stock
1142,28-07-26,Mumbai,Blinkit,Snacks,Chips,Lay's India's Magic Masala Potato Chips,58 g,25,25,0,In stock
1143,28-07-26,Bengaluru,Blinkit,Snacks,Chips,Lay's India's Magic Masala Potato Chips,58 g,25,25,0,In stock
1144,28-07-26,Chennai,Blinkit,Snacks,Chips,Lay's India's Magic Masala Potato Chips,58 g,25,25,0,In stock
1145,28-07-26,Delhi,Instamart,Snacks,Chips,Lay's India's Magic Masala Potato Chips,58 g,25,25,0,In stock
1146,28-07-26,Mumbai,Instamart,Snacks,Chips,Lay's India's Magic Masala Potato Chips,58 g,25,25,0,In stock
1147,28-07-26,Pune,Instamart,Snacks,Chips,Lay's India's Magic Masala Potato Chips,58 g,25,25,0,In stock
1148,28-07-26,Bengaluru,Instamart,Snacks,Chips,Lay's India's Magic Masala Potato Chips,58 g,25,25,0,In stock
1149,28-07-26,Chennai,Instamart,Snacks,Chips,Lay's India's Magic Masala Potato Chips,58 g,25,25,0,In stock
1150,28-07-26,Delhi,Zepto,Snacks,Chips,Lay's India's Magic Masala Potato Chips,58 g,25,25,0,In stock
1151,28-07-26,Mumbai,Zepto,Snacks,Chips,Lay's India's Magic Masala Potato Chips,58 g,25,25,0,In stock
1152,28-07-26,Pune,Zepto,Snacks,Chips,Lay's India's Magic Masala Potato Chips,58 g,25,25,0,In stock
1153,28-07-26,Bengaluru,Zepto,Snacks,Chips,Lay's India's Magic Masala Potato Chips,58 g,25,25,0,In stock
1154,28-07-26,Chennai,Zepto,Snacks,Chips,Lay's India's Magic Masala Potato Chips,58 g,25,25,0,In stock
1155,28-07-26,Pune,Blinkit,Snacks,Chips,Lay's India's Magic Masala Potato Chips,58 g,25,,100,Out of stock
1156,22-07-26,Delhi,Blinkit,Cleaning,Floor & Surface Cleaners ,Lizol Disinfectant Surface & Floor Cleaner 1 ,625 mL,169,169,0,In stock
1157,22-07-26,Mumbai,Blinkit,Cleaning,Floor & Surface Cleaners ,Lizol Disinfectant Surface & Floor Cleaner 1 ,625 mL,169,169,0,In stock
1158,22-07-26,Pune,Blinkit,Cleaning,Floor & Surface Cleaners ,Lizol Disinfectant Surface & Floor Cleaner 1 ,625 mL,169,169,0,In stock
1159,22-07-26,Bengaluru,Blinkit,Cleaning,Floor & Surface Cleaners ,Lizol Disinfectant Surface & Floor Cleaner 1 ,625 mL,169,169,0,In stock
1160,22-07-26,Chennai,Blinkit,Cleaning,Floor & Surface Cleaners ,Lizol Disinfectant Surface & Floor Cleaner 1 ,625 mL,169,169,0,In stock
1161,22-07-26,Delhi,Instamart,Cleaning,Floor & Surface Cleaners ,Lizol Disinfectant Surface & Floor Cleaner 1 ,625 mL,169,169,0,In stock
1162,22-07-26,Mumbai,Instamart,Cleaning,Floor & Surface Cleaners ,Lizol Disinfectant Surface & Floor Cleaner 1 ,625 mL,169,169,0,In stock
1163,22-07-26,Pune,Instamart,Cleaning,Floor & Surface Cleaners ,Lizol Disinfectant Surface & Floor Cleaner 1 ,625 mL,169,169,0,In stock
1164,22-07-26,Chennai,Instamart,Cleaning,Floor & Surface Cleaners ,Lizol Disinfectant Surface & Floor Cleaner 1 ,625 mL,169,169,0,In stock
1165,22-07-26,Delhi,Zepto,Cleaning,Floor & Surface Cleaners ,Lizol Disinfectant Surface & Floor Cleaner 1 ,625 mL,169,149,12,In stock
1166,22-07-26,Mumbai,Zepto,Cleaning,Floor & Surface Cleaners ,Lizol Disinfectant Surface & Floor Cleaner 1 ,625 mL,169,135,20,In stock
1167,22-07-26,Pune,Zepto,Cleaning,Floor & Surface Cleaners ,Lizol Disinfectant Surface & Floor Cleaner 1 ,625 mL,169,149,12,In stock
1168,22-07-26,Bengaluru,Zepto,Cleaning,Floor & Surface Cleaners ,Lizol Disinfectant Surface & Floor Cleaner 1 ,625 mL,169,149,12,In stock
1169,22-07-26,Chennai,Zepto,Cleaning,Floor & Surface Cleaners ,Lizol Disinfectant Surface & Floor Cleaner 1 ,625 mL,169,149,12,In stock
1170,22-07-26,Bengaluru,Instamart,Cleaning,Floor & Surface Cleaners ,Lizol Disinfectant Surface & Floor Cleaner 1 ,625 mL,169,,100,Out of stock
1171,23-07-26,Delhi,Blinkit,Cleaning,Floor & Surface Cleaners ,Lizol Disinfectant Surface & Floor Cleaner 1 ,625 mL,169,169,0,In stock
242,24-07-26,Mumbai,Blinkit,Drinks and Beverages,Bottled water,Bisleri Packaged Water,1 lit,20,20,0,In stock
1173,23-07-26,Pune,Blinkit,Cleaning,Floor & Surface Cleaners ,Lizol Disinfectant Surface & Floor Cleaner 1 ,625 mL,169,169,0,In stock
1174,23-07-26,Bengaluru,Blinkit,Cleaning,Floor & Surface Cleaners ,Lizol Disinfectant Surface & Floor Cleaner 1 ,625 mL,169,169,0,In stock
1175,23-07-26,Chennai,Blinkit,Cleaning,Floor & Surface Cleaners ,Lizol Disinfectant Surface & Floor Cleaner 1 ,625 mL,169,169,0,In stock
1176,23-07-26,Mumbai,Instamart,Cleaning,Floor & Surface Cleaners ,Lizol Disinfectant Surface & Floor Cleaner 1 ,625 mL,169,169,0,In stock
1177,23-07-26,Pune,Instamart,Cleaning,Floor & Surface Cleaners ,Lizol Disinfectant Surface & Floor Cleaner 1 ,625 mL,169,169,0,In stock
1178,23-07-26,Bengaluru,Instamart,Cleaning,Floor & Surface Cleaners ,Lizol Disinfectant Surface & Floor Cleaner 1 ,625 mL,169,169,0,In stock
1179,23-07-26,Chennai,Instamart,Cleaning,Floor & Surface Cleaners ,Lizol Disinfectant Surface & Floor Cleaner 1 ,625 mL,169,169,0,In stock
1180,23-07-26,Delhi,Zepto,Cleaning,Floor & Surface Cleaners ,Lizol Disinfectant Surface & Floor Cleaner 1 ,625 mL,169,160,5,In stock
1181,23-07-26,Mumbai,Zepto,Cleaning,Floor & Surface Cleaners ,Lizol Disinfectant Surface & Floor Cleaner 1 ,625 mL,169,148,12,In stock
1182,23-07-26,Pune,Zepto,Cleaning,Floor & Surface Cleaners ,Lizol Disinfectant Surface & Floor Cleaner 1 ,625 mL,169,148,12,In stock
1183,23-07-26,Bengaluru,Zepto,Cleaning,Floor & Surface Cleaners ,Lizol Disinfectant Surface & Floor Cleaner 1 ,625 mL,169,148,12,In stock
1184,23-07-26,Chennai,Zepto,Cleaning,Floor & Surface Cleaners ,Lizol Disinfectant Surface & Floor Cleaner 1 ,625 mL,169,165,2,In stock
1185,23-07-26,Delhi,Instamart,Cleaning,Floor & Surface Cleaners ,Lizol Disinfectant Surface & Floor Cleaner 1 ,625 mL,169,,100,Out of stock
1186,24-07-26,Delhi,Blinkit,Cleaning,Floor & Surface Cleaners ,Lizol Disinfectant Surface & Floor Cleaner 1 ,625 mL,169,169,0,In stock
346,24-07-26,Mumbai,Blinkit,Drinks and Beverages,Tea,Brooke Bond Red Label Tea,250 g,155,155,0,In stock
1188,24-07-26,Pune,Blinkit,Cleaning,Floor & Surface Cleaners ,Lizol Disinfectant Surface & Floor Cleaner 1 ,625 mL,169,169,0,In stock
1189,24-07-26,Bengaluru,Blinkit,Cleaning,Floor & Surface Cleaners ,Lizol Disinfectant Surface & Floor Cleaner 1 ,625 mL,169,169,0,In stock
1190,24-07-26,Chennai,Blinkit,Cleaning,Floor & Surface Cleaners ,Lizol Disinfectant Surface & Floor Cleaner 1 ,625 mL,169,169,0,In stock
1191,24-07-26,Pune,Instamart,Cleaning,Floor & Surface Cleaners ,Lizol Disinfectant Surface & Floor Cleaner 1 ,625 mL,169,169,0,In stock
1192,24-07-26,Bengaluru,Instamart,Cleaning,Floor & Surface Cleaners ,Lizol Disinfectant Surface & Floor Cleaner 1 ,625 mL,169,169,0,In stock
1193,24-07-26,Chennai,Instamart,Cleaning,Floor & Surface Cleaners ,Lizol Disinfectant Surface & Floor Cleaner 1 ,625 mL,169,169,0,In stock
1194,24-07-26,Delhi,Zepto,Cleaning,Floor & Surface Cleaners ,Lizol Disinfectant Surface & Floor Cleaner 1 ,625 mL,169,160,5,In stock
1195,24-07-26,Mumbai,Zepto,Cleaning,Floor & Surface Cleaners ,Lizol Disinfectant Surface & Floor Cleaner 1 ,625 mL,169,167,1,In stock
1196,24-07-26,Pune,Zepto,Cleaning,Floor & Surface Cleaners ,Lizol Disinfectant Surface & Floor Cleaner 1 ,625 mL,169,168,1,In stock
1197,24-07-26,Bengaluru,Zepto,Cleaning,Floor & Surface Cleaners ,Lizol Disinfectant Surface & Floor Cleaner 1 ,625 mL,169,168,1,In stock
1198,24-07-26,Chennai,Zepto,Cleaning,Floor & Surface Cleaners ,Lizol Disinfectant Surface & Floor Cleaner 1 ,625 mL,169,165,2,In stock
1199,24-07-26,Delhi,Instamart,Cleaning,Floor & Surface Cleaners ,Lizol Disinfectant Surface & Floor Cleaner 1 ,625 mL,169,,100,Out of stock
1200,24-07-26,Mumbai,Instamart,Cleaning,Floor & Surface Cleaners ,Lizol Disinfectant Surface & Floor Cleaner 1 ,625 mL,169,,100,Out of stock
1201,25-07-26,Delhi,Blinkit,Cleaning,Floor & Surface Cleaners ,Lizol Disinfectant Surface & Floor Cleaner 1 ,625 mL,169,169,0,In stock
1202,25-07-26,Mumbai,Blinkit,Cleaning,Floor & Surface Cleaners ,Lizol Disinfectant Surface & Floor Cleaner 1 ,625 mL,169,169,0,In stock
1203,25-07-26,Pune,Blinkit,Cleaning,Floor & Surface Cleaners ,Lizol Disinfectant Surface & Floor Cleaner 1 ,625 mL,169,169,0,In stock
1204,25-07-26,Bengaluru,Blinkit,Cleaning,Floor & Surface Cleaners ,Lizol Disinfectant Surface & Floor Cleaner 1 ,625 mL,169,169,0,In stock
1205,25-07-26,Chennai,Blinkit,Cleaning,Floor & Surface Cleaners ,Lizol Disinfectant Surface & Floor Cleaner 1 ,625 mL,169,169,0,In stock
1206,25-07-26,Pune,Instamart,Cleaning,Floor & Surface Cleaners ,Lizol Disinfectant Surface & Floor Cleaner 1 ,625 mL,169,169,0,In stock
1207,25-07-26,Chennai,Instamart,Cleaning,Floor & Surface Cleaners ,Lizol Disinfectant Surface & Floor Cleaner 1 ,625 mL,169,169,0,In stock
1208,25-07-26,Delhi,Zepto,Cleaning,Floor & Surface Cleaners ,Lizol Disinfectant Surface & Floor Cleaner 1 ,625 mL,169,160,5,In stock
1209,25-07-26,Mumbai,Zepto,Cleaning,Floor & Surface Cleaners ,Lizol Disinfectant Surface & Floor Cleaner 1 ,625 mL,169,167,1,In stock
1210,25-07-26,Pune,Zepto,Cleaning,Floor & Surface Cleaners ,Lizol Disinfectant Surface & Floor Cleaner 1 ,625 mL,169,168,1,In stock
1211,25-07-26,Bengaluru,Zepto,Cleaning,Floor & Surface Cleaners ,Lizol Disinfectant Surface & Floor Cleaner 1 ,625 mL,169,168,1,In stock
1212,25-07-26,Chennai,Zepto,Cleaning,Floor & Surface Cleaners ,Lizol Disinfectant Surface & Floor Cleaner 1 ,625 mL,169,165,2,In stock
1213,25-07-26,Delhi,Instamart,Cleaning,Floor & Surface Cleaners ,Lizol Disinfectant Surface & Floor Cleaner 1 ,625 mL,169,,100,Out of stock
1214,25-07-26,Mumbai,Instamart,Cleaning,Floor & Surface Cleaners ,Lizol Disinfectant Surface & Floor Cleaner 1 ,625 mL,169,,100,Out of stock
1215,25-07-26,Bengaluru,Instamart,Cleaning,Floor & Surface Cleaners ,Lizol Disinfectant Surface & Floor Cleaner 1 ,625 mL,169,,100,Out of stock
1216,26-07-26,Delhi,Blinkit,Cleaning,Floor & Surface Cleaners ,Lizol Disinfectant Surface & Floor Cleaner 1 ,625 mL,169,169,0,In stock
1217,26-07-26,Mumbai,Blinkit,Cleaning,Floor & Surface Cleaners ,Lizol Disinfectant Surface & Floor Cleaner 1 ,625 mL,169,169,0,In stock
1218,26-07-26,Pune,Blinkit,Cleaning,Floor & Surface Cleaners ,Lizol Disinfectant Surface & Floor Cleaner 1 ,625 mL,169,169,0,In stock
1219,26-07-26,Bengaluru,Blinkit,Cleaning,Floor & Surface Cleaners ,Lizol Disinfectant Surface & Floor Cleaner 1 ,625 mL,169,169,0,In stock
1220,26-07-26,Chennai,Blinkit,Cleaning,Floor & Surface Cleaners ,Lizol Disinfectant Surface & Floor Cleaner 1 ,625 mL,169,169,0,In stock
1221,26-07-26,Delhi,Instamart,Cleaning,Floor & Surface Cleaners ,Lizol Disinfectant Surface & Floor Cleaner 1 ,625 mL,169,169,0,In stock
1222,26-07-26,Pune,Instamart,Cleaning,Floor & Surface Cleaners ,Lizol Disinfectant Surface & Floor Cleaner 1 ,625 mL,169,169,0,In stock
1223,26-07-26,Chennai,Instamart,Cleaning,Floor & Surface Cleaners ,Lizol Disinfectant Surface & Floor Cleaner 1 ,625 mL,169,169,0,In stock
1224,26-07-26,Delhi,Zepto,Cleaning,Floor & Surface Cleaners ,Lizol Disinfectant Surface & Floor Cleaner 1 ,625 mL,169,161,5,In stock
1225,26-07-26,Mumbai,Zepto,Cleaning,Floor & Surface Cleaners ,Lizol Disinfectant Surface & Floor Cleaner 1 ,625 mL,169,167,1,In stock
1226,26-07-26,Pune,Zepto,Cleaning,Floor & Surface Cleaners ,Lizol Disinfectant Surface & Floor Cleaner 1 ,625 mL,169,168,1,In stock
1227,26-07-26,Bengaluru,Zepto,Cleaning,Floor & Surface Cleaners ,Lizol Disinfectant Surface & Floor Cleaner 1 ,625 mL,169,168,1,In stock
1228,26-07-26,Chennai,Zepto,Cleaning,Floor & Surface Cleaners ,Lizol Disinfectant Surface & Floor Cleaner 1 ,625 mL,169,168,1,In stock
1229,26-07-26,Mumbai,Instamart,Cleaning,Floor & Surface Cleaners ,Lizol Disinfectant Surface & Floor Cleaner 1 ,625 mL,169,,100,Out of stock
1230,26-07-26,Bengaluru,Instamart,Cleaning,Floor & Surface Cleaners ,Lizol Disinfectant Surface & Floor Cleaner 1 ,625 mL,169,,100,Out of stock
1231,27-07-26,Delhi,Blinkit,Cleaning,Floor & Surface Cleaners ,Lizol Disinfectant Surface & Floor Cleaner 1 ,625 mL,169,169,0,In stock
1232,27-07-26,Mumbai,Blinkit,Cleaning,Floor & Surface Cleaners ,Lizol Disinfectant Surface & Floor Cleaner 1 ,625 mL,169,169,0,In stock
1233,27-07-26,Pune,Blinkit,Cleaning,Floor & Surface Cleaners ,Lizol Disinfectant Surface & Floor Cleaner 1 ,625 mL,169,169,0,In stock
1234,27-07-26,Bengaluru,Blinkit,Cleaning,Floor & Surface Cleaners ,Lizol Disinfectant Surface & Floor Cleaner 1 ,625 mL,169,169,0,In stock
1235,27-07-26,Chennai,Blinkit,Cleaning,Floor & Surface Cleaners ,Lizol Disinfectant Surface & Floor Cleaner 1 ,625 mL,169,169,0,In stock
1236,27-07-26,Pune,Instamart,Cleaning,Floor & Surface Cleaners ,Lizol Disinfectant Surface & Floor Cleaner 1 ,625 mL,169,169,0,In stock
1237,27-07-26,Chennai,Instamart,Cleaning,Floor & Surface Cleaners ,Lizol Disinfectant Surface & Floor Cleaner 1 ,625 mL,169,169,0,In stock
1238,27-07-26,Delhi,Zepto,Cleaning,Floor & Surface Cleaners ,Lizol Disinfectant Surface & Floor Cleaner 1 ,625 mL,169,160,5,In stock
1239,27-07-26,Mumbai,Zepto,Cleaning,Floor & Surface Cleaners ,Lizol Disinfectant Surface & Floor Cleaner 1 ,625 mL,169,167,1,In stock
1240,27-07-26,Pune,Zepto,Cleaning,Floor & Surface Cleaners ,Lizol Disinfectant Surface & Floor Cleaner 1 ,625 mL,169,168,1,In stock
1241,27-07-26,Bengaluru,Zepto,Cleaning,Floor & Surface Cleaners ,Lizol Disinfectant Surface & Floor Cleaner 1 ,625 mL,169,168,1,In stock
1242,27-07-26,Chennai,Zepto,Cleaning,Floor & Surface Cleaners ,Lizol Disinfectant Surface & Floor Cleaner 1 ,625 mL,169,168,1,In stock
1243,27-07-26,Delhi,Instamart,Cleaning,Floor & Surface Cleaners ,Lizol Disinfectant Surface & Floor Cleaner 1 ,625 mL,169,,100,Out of stock
1244,27-07-26,Mumbai,Instamart,Cleaning,Floor & Surface Cleaners ,Lizol Disinfectant Surface & Floor Cleaner 1 ,625 mL,169,,100,Out of stock
1245,27-07-26,Bengaluru,Instamart,Cleaning,Floor & Surface Cleaners ,Lizol Disinfectant Surface & Floor Cleaner 1 ,625 mL,169,,100,Out of stock
1246,28-07-26,Delhi,Blinkit,Cleaning,Floor & Surface Cleaners ,Lizol Disinfectant Surface & Floor Cleaner 1 ,625 mL,169,169,0,In stock
1247,28-07-26,Mumbai,Blinkit,Cleaning,Floor & Surface Cleaners ,Lizol Disinfectant Surface & Floor Cleaner 1 ,625 mL,169,169,0,In stock
1248,28-07-26,Pune,Blinkit,Cleaning,Floor & Surface Cleaners ,Lizol Disinfectant Surface & Floor Cleaner 1 ,625 mL,169,169,0,In stock
1249,28-07-26,Bengaluru,Blinkit,Cleaning,Floor & Surface Cleaners ,Lizol Disinfectant Surface & Floor Cleaner 1 ,625 mL,169,169,0,In stock
1250,28-07-26,Chennai,Blinkit,Cleaning,Floor & Surface Cleaners ,Lizol Disinfectant Surface & Floor Cleaner 1 ,625 mL,169,169,0,In stock
1251,28-07-26,Pune,Instamart,Cleaning,Floor & Surface Cleaners ,Lizol Disinfectant Surface & Floor Cleaner 1 ,625 mL,169,169,0,In stock
1252,28-07-26,Chennai,Instamart,Cleaning,Floor & Surface Cleaners ,Lizol Disinfectant Surface & Floor Cleaner 1 ,625 mL,169,169,0,In stock
1253,28-07-26,Delhi,Zepto,Cleaning,Floor & Surface Cleaners ,Lizol Disinfectant Surface & Floor Cleaner 1 ,625 mL,169,158,7,In stock
1254,28-07-26,Mumbai,Zepto,Cleaning,Floor & Surface Cleaners ,Lizol Disinfectant Surface & Floor Cleaner 1 ,625 mL,169,152,10,In stock
1255,28-07-26,Pune,Zepto,Cleaning,Floor & Surface Cleaners ,Lizol Disinfectant Surface & Floor Cleaner 1 ,625 mL,169,168,1,In stock
1256,28-07-26,Bengaluru,Zepto,Cleaning,Floor & Surface Cleaners ,Lizol Disinfectant Surface & Floor Cleaner 1 ,625 mL,169,159,6,In stock
1257,28-07-26,Chennai,Zepto,Cleaning,Floor & Surface Cleaners ,Lizol Disinfectant Surface & Floor Cleaner 1 ,625 mL,169,161,5,In stock
1258,28-07-26,Delhi,Instamart,Cleaning,Floor & Surface Cleaners ,Lizol Disinfectant Surface & Floor Cleaner 1 ,625 mL,169,,100,Out of stock
1259,28-07-26,Mumbai,Instamart,Cleaning,Floor & Surface Cleaners ,Lizol Disinfectant Surface & Floor Cleaner 1 ,625 mL,169,,100,Out of stock
1260,28-07-26,Bengaluru,Instamart,Cleaning,Floor & Surface Cleaners ,Lizol Disinfectant Surface & Floor Cleaner 1 ,625 mL,169,,100,Out of stock
1261,22-07-26,Delhi,Blinkit,Snacks,Instant noodles,Maggi Masala - 2 Minutes Instant Noodles Made With Quality Spices,420 g,90,79,12,In stock
1262,22-07-26,Mumbai,Blinkit,Snacks,Instant noodles,Maggi Masala - 2 Minutes Instant Noodles Made With Quality Spices,420 g,90,79,12,In stock
1263,22-07-26,Pune,Blinkit,Snacks,Instant noodles,Maggi Masala - 2 Minutes Instant Noodles Made With Quality Spices,420 g,90,79,12,In stock
1264,22-07-26,Bengaluru,Blinkit,Snacks,Instant noodles,Maggi Masala - 2 Minutes Instant Noodles Made With Quality Spices,420 g,90,79,12,In stock
1265,22-07-26,Chennai,Blinkit,Snacks,Instant noodles,Maggi Masala - 2 Minutes Instant Noodles Made With Quality Spices,420 g,90,79,12,In stock
1266,22-07-26,Delhi,Instamart,Snacks,Instant noodles,Maggi Masala - 2 Minutes Instant Noodles Made With Quality Spices,420 g,90,79,12,In stock
1267,22-07-26,Mumbai,Instamart,Snacks,Instant noodles,Maggi Masala - 2 Minutes Instant Noodles Made With Quality Spices,420 g,90,79,12,In stock
1268,22-07-26,Pune,Instamart,Snacks,Instant noodles,Maggi Masala - 2 Minutes Instant Noodles Made With Quality Spices,420 g,90,79,12,In stock
1269,22-07-26,Bengaluru,Instamart,Snacks,Instant noodles,Maggi Masala - 2 Minutes Instant Noodles Made With Quality Spices,420 g,90,79,12,In stock
1270,22-07-26,Chennai,Instamart,Snacks,Instant noodles,Maggi Masala - 2 Minutes Instant Noodles Made With Quality Spices,420 g,90,79,12,In stock
1271,22-07-26,Delhi,Zepto,Snacks,Instant noodles,Maggi Masala - 2 Minutes Instant Noodles Made With Quality Spices,420 g,90,73,19,In stock
1272,22-07-26,Mumbai,Zepto,Snacks,Instant noodles,Maggi Masala - 2 Minutes Instant Noodles Made With Quality Spices,420 g,90,74,18,In stock
1273,22-07-26,Pune,Zepto,Snacks,Instant noodles,Maggi Masala - 2 Minutes Instant Noodles Made With Quality Spices,420 g,90,78,13,In stock
1274,22-07-26,Bengaluru,Zepto,Snacks,Instant noodles,Maggi Masala - 2 Minutes Instant Noodles Made With Quality Spices,420 g,90,78,13,In stock
1275,22-07-26,Chennai,Zepto,Snacks,Instant noodles,Maggi Masala - 2 Minutes Instant Noodles Made With Quality Spices,420 g,90,77,14,In stock
1276,23-07-26,Delhi,Blinkit,Snacks,Instant noodles,Maggi Masala - 2 Minutes Instant Noodles Made With Quality Spices,420 g,90,79,12,In stock
452,24-07-26,Mumbai,Blinkit,Chocolates,Chocolate,Cadbury Dairy Milk Chocolate Bar,46 g,53,51,4,In stock
1278,23-07-26,Pune,Blinkit,Snacks,Instant noodles,Maggi Masala - 2 Minutes Instant Noodles Made With Quality Spices,420 g,90,79,12,In stock
1279,23-07-26,Bengaluru,Blinkit,Snacks,Instant noodles,Maggi Masala - 2 Minutes Instant Noodles Made With Quality Spices,420 g,90,79,12,In stock
1280,23-07-26,Chennai,Blinkit,Snacks,Instant noodles,Maggi Masala - 2 Minutes Instant Noodles Made With Quality Spices,420 g,90,79,12,In stock
1281,23-07-26,Delhi,Instamart,Snacks,Instant noodles,Maggi Masala - 2 Minutes Instant Noodles Made With Quality Spices,420 g,90,79,12,In stock
1282,23-07-26,Mumbai,Instamart,Snacks,Instant noodles,Maggi Masala - 2 Minutes Instant Noodles Made With Quality Spices,420 g,90,79,12,In stock
1283,23-07-26,Pune,Instamart,Snacks,Instant noodles,Maggi Masala - 2 Minutes Instant Noodles Made With Quality Spices,420 g,90,79,12,In stock
1284,23-07-26,Bengaluru,Instamart,Snacks,Instant noodles,Maggi Masala - 2 Minutes Instant Noodles Made With Quality Spices,420 g,90,79,12,In stock
1285,23-07-26,Chennai,Instamart,Snacks,Instant noodles,Maggi Masala - 2 Minutes Instant Noodles Made With Quality Spices,420 g,90,79,12,In stock
1286,23-07-26,Delhi,Zepto,Snacks,Instant noodles,Maggi Masala - 2 Minutes Instant Noodles Made With Quality Spices,420 g,90,73,19,In stock
1287,23-07-26,Mumbai,Zepto,Snacks,Instant noodles,Maggi Masala - 2 Minutes Instant Noodles Made With Quality Spices,420 g,90,78,13,In stock
1288,23-07-26,Pune,Zepto,Snacks,Instant noodles,Maggi Masala - 2 Minutes Instant Noodles Made With Quality Spices,420 g,90,73,19,In stock
1289,23-07-26,Bengaluru,Zepto,Snacks,Instant noodles,Maggi Masala - 2 Minutes Instant Noodles Made With Quality Spices,420 g,90,78,13,In stock
1290,23-07-26,Chennai,Zepto,Snacks,Instant noodles,Maggi Masala - 2 Minutes Instant Noodles Made With Quality Spices,420 g,90,77,14,In stock
1291,24-07-26,Delhi,Blinkit,Snacks,Instant noodles,Maggi Masala - 2 Minutes Instant Noodles Made With Quality Spices,420 g,90,79,12,In stock
562,24-07-26,Mumbai,Blinkit,Drinks and Beverages,Soft drink,Coca-Cola Cola Soft Drink,750 mL,40,39,3,In stock
1293,24-07-26,Pune,Blinkit,Snacks,Instant noodles,Maggi Masala - 2 Minutes Instant Noodles Made With Quality Spices,420 g,90,79,12,In stock
1294,24-07-26,Bengaluru,Blinkit,Snacks,Instant noodles,Maggi Masala - 2 Minutes Instant Noodles Made With Quality Spices,420 g,90,79,12,In stock
1295,24-07-26,Delhi,Instamart,Snacks,Instant noodles,Maggi Masala - 2 Minutes Instant Noodles Made With Quality Spices,420 g,90,79,12,In stock
1296,24-07-26,Mumbai,Instamart,Snacks,Instant noodles,Maggi Masala - 2 Minutes Instant Noodles Made With Quality Spices,420 g,90,79,12,In stock
1297,24-07-26,Pune,Instamart,Snacks,Instant noodles,Maggi Masala - 2 Minutes Instant Noodles Made With Quality Spices,420 g,90,79,12,In stock
1298,24-07-26,Bengaluru,Instamart,Snacks,Instant noodles,Maggi Masala - 2 Minutes Instant Noodles Made With Quality Spices,420 g,90,79,12,In stock
1299,24-07-26,Chennai,Instamart,Snacks,Instant noodles,Maggi Masala - 2 Minutes Instant Noodles Made With Quality Spices,420 g,90,79,12,In stock
1300,24-07-26,Delhi,Zepto,Snacks,Instant noodles,Maggi Masala - 2 Minutes Instant Noodles Made With Quality Spices,420 g,90,77,14,In stock
1301,24-07-26,Mumbai,Zepto,Snacks,Instant noodles,Maggi Masala - 2 Minutes Instant Noodles Made With Quality Spices,420 g,90,78,13,In stock
1302,24-07-26,Pune,Zepto,Snacks,Instant noodles,Maggi Masala - 2 Minutes Instant Noodles Made With Quality Spices,420 g,90,73,19,In stock
1303,24-07-26,Bengaluru,Zepto,Snacks,Instant noodles,Maggi Masala - 2 Minutes Instant Noodles Made With Quality Spices,420 g,90,78,13,In stock
1304,24-07-26,Chennai,Zepto,Snacks,Instant noodles,Maggi Masala - 2 Minutes Instant Noodles Made With Quality Spices,420 g,90,77,14,In stock
1305,24-07-26,Chennai,Blinkit,Snacks,Instant noodles,Maggi Masala - 2 Minutes Instant Noodles Made With Quality Spices,420 g,90,,100,Out of stock
1306,25-07-26,Delhi,Blinkit,Snacks,Instant noodles,Maggi Masala - 2 Minutes Instant Noodles Made With Quality Spices,420 g,90,79,12,In stock
1307,25-07-26,Mumbai,Blinkit,Snacks,Instant noodles,Maggi Masala - 2 Minutes Instant Noodles Made With Quality Spices,420 g,90,79,12,In stock
1308,25-07-26,Pune,Blinkit,Snacks,Instant noodles,Maggi Masala - 2 Minutes Instant Noodles Made With Quality Spices,420 g,90,79,12,In stock
1309,25-07-26,Bengaluru,Blinkit,Snacks,Instant noodles,Maggi Masala - 2 Minutes Instant Noodles Made With Quality Spices,420 g,90,79,12,In stock
1310,25-07-26,Chennai,Blinkit,Snacks,Instant noodles,Maggi Masala - 2 Minutes Instant Noodles Made With Quality Spices,420 g,90,79,12,In stock
1311,25-07-26,Delhi,Instamart,Snacks,Instant noodles,Maggi Masala - 2 Minutes Instant Noodles Made With Quality Spices,420 g,90,79,12,In stock
1312,25-07-26,Mumbai,Instamart,Snacks,Instant noodles,Maggi Masala - 2 Minutes Instant Noodles Made With Quality Spices,420 g,90,79,12,In stock
1313,25-07-26,Pune,Instamart,Snacks,Instant noodles,Maggi Masala - 2 Minutes Instant Noodles Made With Quality Spices,420 g,90,79,12,In stock
1314,25-07-26,Bengaluru,Instamart,Snacks,Instant noodles,Maggi Masala - 2 Minutes Instant Noodles Made With Quality Spices,420 g,90,79,12,In stock
1315,25-07-26,Chennai,Instamart,Snacks,Instant noodles,Maggi Masala - 2 Minutes Instant Noodles Made With Quality Spices,420 g,90,79,12,In stock
1316,25-07-26,Delhi,Zepto,Snacks,Instant noodles,Maggi Masala - 2 Minutes Instant Noodles Made With Quality Spices,420 g,90,77,14,In stock
1317,25-07-26,Mumbai,Zepto,Snacks,Instant noodles,Maggi Masala - 2 Minutes Instant Noodles Made With Quality Spices,420 g,90,77,14,In stock
1318,25-07-26,Pune,Zepto,Snacks,Instant noodles,Maggi Masala - 2 Minutes Instant Noodles Made With Quality Spices,420 g,90,76,16,In stock
1319,25-07-26,Bengaluru,Zepto,Snacks,Instant noodles,Maggi Masala - 2 Minutes Instant Noodles Made With Quality Spices,420 g,90,77,14,In stock
1320,25-07-26,Chennai,Zepto,Snacks,Instant noodles,Maggi Masala - 2 Minutes Instant Noodles Made With Quality Spices,420 g,90,77,14,In stock
1321,26-07-26,Delhi,Blinkit,Snacks,Instant noodles,Maggi Masala - 2 Minutes Instant Noodles Made With Quality Spices,420 g,90,79,12,In stock
1322,26-07-26,Mumbai,Blinkit,Snacks,Instant noodles,Maggi Masala - 2 Minutes Instant Noodles Made With Quality Spices,420 g,90,79,12,In stock
1323,26-07-26,Bengaluru,Blinkit,Snacks,Instant noodles,Maggi Masala - 2 Minutes Instant Noodles Made With Quality Spices,420 g,90,79,12,In stock
1324,26-07-26,Chennai,Blinkit,Snacks,Instant noodles,Maggi Masala - 2 Minutes Instant Noodles Made With Quality Spices,420 g,90,79,12,In stock
1325,26-07-26,Delhi,Instamart,Snacks,Instant noodles,Maggi Masala - 2 Minutes Instant Noodles Made With Quality Spices,420 g,90,79,12,In stock
1326,26-07-26,Mumbai,Instamart,Snacks,Instant noodles,Maggi Masala - 2 Minutes Instant Noodles Made With Quality Spices,420 g,90,79,12,In stock
1327,26-07-26,Pune,Instamart,Snacks,Instant noodles,Maggi Masala - 2 Minutes Instant Noodles Made With Quality Spices,420 g,90,79,12,In stock
1328,26-07-26,Bengaluru,Instamart,Snacks,Instant noodles,Maggi Masala - 2 Minutes Instant Noodles Made With Quality Spices,420 g,90,79,12,In stock
1329,26-07-26,Chennai,Instamart,Snacks,Instant noodles,Maggi Masala - 2 Minutes Instant Noodles Made With Quality Spices,420 g,90,79,12,In stock
1330,26-07-26,Delhi,Zepto,Snacks,Instant noodles,Maggi Masala - 2 Minutes Instant Noodles Made With Quality Spices,420 g,90,71,21,In stock
1331,26-07-26,Mumbai,Zepto,Snacks,Instant noodles,Maggi Masala - 2 Minutes Instant Noodles Made With Quality Spices,420 g,90,77,14,In stock
1332,26-07-26,Pune,Zepto,Snacks,Instant noodles,Maggi Masala - 2 Minutes Instant Noodles Made With Quality Spices,420 g,90,75,17,In stock
1333,26-07-26,Bengaluru,Zepto,Snacks,Instant noodles,Maggi Masala - 2 Minutes Instant Noodles Made With Quality Spices,420 g,90,78,13,In stock
1334,26-07-26,Chennai,Zepto,Snacks,Instant noodles,Maggi Masala - 2 Minutes Instant Noodles Made With Quality Spices,420 g,90,77,14,In stock
1335,26-07-26,Pune,Blinkit,Snacks,Instant noodles,Maggi Masala - 2 Minutes Instant Noodles Made With Quality Spices,420 g,90,,100,Out of stock
1336,27-07-26,Delhi,Blinkit,Snacks,Instant noodles,Maggi Masala - 2 Minutes Instant Noodles Made With Quality Spices,420 g,90,79,12,In stock
1337,27-07-26,Mumbai,Blinkit,Snacks,Instant noodles,Maggi Masala - 2 Minutes Instant Noodles Made With Quality Spices,420 g,90,79,12,In stock
1338,27-07-26,Pune,Blinkit,Snacks,Instant noodles,Maggi Masala - 2 Minutes Instant Noodles Made With Quality Spices,420 g,90,79,12,In stock
1339,27-07-26,Bengaluru,Blinkit,Snacks,Instant noodles,Maggi Masala - 2 Minutes Instant Noodles Made With Quality Spices,420 g,90,79,12,In stock
1340,27-07-26,Chennai,Blinkit,Snacks,Instant noodles,Maggi Masala - 2 Minutes Instant Noodles Made With Quality Spices,420 g,90,79,12,In stock
1341,27-07-26,Delhi,Instamart,Snacks,Instant noodles,Maggi Masala - 2 Minutes Instant Noodles Made With Quality Spices,420 g,90,79,12,In stock
1342,27-07-26,Mumbai,Instamart,Snacks,Instant noodles,Maggi Masala - 2 Minutes Instant Noodles Made With Quality Spices,420 g,90,79,12,In stock
1343,27-07-26,Pune,Instamart,Snacks,Instant noodles,Maggi Masala - 2 Minutes Instant Noodles Made With Quality Spices,420 g,90,79,12,In stock
1344,27-07-26,Bengaluru,Instamart,Snacks,Instant noodles,Maggi Masala - 2 Minutes Instant Noodles Made With Quality Spices,420 g,90,79,12,In stock
1345,27-07-26,Chennai,Instamart,Snacks,Instant noodles,Maggi Masala - 2 Minutes Instant Noodles Made With Quality Spices,420 g,90,79,12,In stock
1346,27-07-26,Delhi,Zepto,Snacks,Instant noodles,Maggi Masala - 2 Minutes Instant Noodles Made With Quality Spices,420 g,90,73,19,In stock
1347,27-07-26,Mumbai,Zepto,Snacks,Instant noodles,Maggi Masala - 2 Minutes Instant Noodles Made With Quality Spices,420 g,90,77,14,In stock
1348,27-07-26,Pune,Zepto,Snacks,Instant noodles,Maggi Masala - 2 Minutes Instant Noodles Made With Quality Spices,420 g,90,75,17,In stock
1349,27-07-26,Bengaluru,Zepto,Snacks,Instant noodles,Maggi Masala - 2 Minutes Instant Noodles Made With Quality Spices,420 g,90,78,13,In stock
1350,27-07-26,Chennai,Zepto,Snacks,Instant noodles,Maggi Masala - 2 Minutes Instant Noodles Made With Quality Spices,420 g,90,77,14,In stock
1351,28-07-26,Delhi,Blinkit,Snacks,Instant noodles,Maggi Masala - 2 Minutes Instant Noodles Made With Quality Spices,420 g,90,79,12,In stock
1352,28-07-26,Mumbai,Blinkit,Snacks,Instant noodles,Maggi Masala - 2 Minutes Instant Noodles Made With Quality Spices,420 g,90,79,12,In stock
1353,28-07-26,Pune,Blinkit,Snacks,Instant noodles,Maggi Masala - 2 Minutes Instant Noodles Made With Quality Spices,420 g,90,79,12,In stock
1354,28-07-26,Bengaluru,Blinkit,Snacks,Instant noodles,Maggi Masala - 2 Minutes Instant Noodles Made With Quality Spices,420 g,90,79,12,In stock
1355,28-07-26,Chennai,Blinkit,Snacks,Instant noodles,Maggi Masala - 2 Minutes Instant Noodles Made With Quality Spices,420 g,90,79,12,In stock
1356,28-07-26,Delhi,Instamart,Snacks,Instant noodles,Maggi Masala - 2 Minutes Instant Noodles Made With Quality Spices,420 g,90,79,12,In stock
1357,28-07-26,Mumbai,Instamart,Snacks,Instant noodles,Maggi Masala - 2 Minutes Instant Noodles Made With Quality Spices,420 g,90,79,12,In stock
1358,28-07-26,Pune,Instamart,Snacks,Instant noodles,Maggi Masala - 2 Minutes Instant Noodles Made With Quality Spices,420 g,90,79,12,In stock
1359,28-07-26,Bengaluru,Instamart,Snacks,Instant noodles,Maggi Masala - 2 Minutes Instant Noodles Made With Quality Spices,420 g,90,79,12,In stock
1360,28-07-26,Chennai,Instamart,Snacks,Instant noodles,Maggi Masala - 2 Minutes Instant Noodles Made With Quality Spices,420 g,90,79,12,In stock
1361,28-07-26,Delhi,Zepto,Snacks,Instant noodles,Maggi Masala - 2 Minutes Instant Noodles Made With Quality Spices,420 g,90,75,17,In stock
1362,28-07-26,Mumbai,Zepto,Snacks,Instant noodles,Maggi Masala - 2 Minutes Instant Noodles Made With Quality Spices,420 g,90,77,14,In stock
1363,28-07-26,Pune,Zepto,Snacks,Instant noodles,Maggi Masala - 2 Minutes Instant Noodles Made With Quality Spices,420 g,90,75,17,In stock
1364,28-07-26,Bengaluru,Zepto,Snacks,Instant noodles,Maggi Masala - 2 Minutes Instant Noodles Made With Quality Spices,420 g,90,78,13,In stock
1365,28-07-26,Chennai,Zepto,Snacks,Instant noodles,Maggi Masala - 2 Minutes Instant Noodles Made With Quality Spices,420 g,90,77,14,In stock
1366,22-07-26,Delhi,Blinkit,Drinks and Beverages,Coffee,Nescafe Classic - 100 Pure Instant Coffee Powder,24 g,124,124,0,In stock
1367,22-07-26,Mumbai,Blinkit,Drinks and Beverages,Coffee,Nescafe Classic - 100 Pure Instant Coffee Powder,24 g,124,124,0,In stock
1368,22-07-26,Pune,Blinkit,Drinks and Beverages,Coffee,Nescafe Classic - 100 Pure Instant Coffee Powder,24 g,124,124,0,In stock
1369,22-07-26,Bengaluru,Blinkit,Drinks and Beverages,Coffee,Nescafe Classic - 100 Pure Instant Coffee Powder,24 g,124,124,0,In stock
1370,22-07-26,Delhi,Instamart,Drinks and Beverages,Coffee,Nescafe Classic - 100 Pure Instant Coffee Powder,24 g,124,124,0,In stock
1371,22-07-26,Mumbai,Instamart,Drinks and Beverages,Coffee,Nescafe Classic - 100 Pure Instant Coffee Powder,24 g,124,124,0,In stock
1372,22-07-26,Pune,Instamart,Drinks and Beverages,Coffee,Nescafe Classic - 100 Pure Instant Coffee Powder,24 g,124,124,0,In stock
1373,22-07-26,Bengaluru,Instamart,Drinks and Beverages,Coffee,Nescafe Classic - 100 Pure Instant Coffee Powder,24 g,124,124,0,In stock
1374,22-07-26,Chennai,Instamart,Drinks and Beverages,Coffee,Nescafe Classic - 100 Pure Instant Coffee Powder,24 g,124,124,0,In stock
1375,22-07-26,Delhi,Zepto,Drinks and Beverages,Coffee,Nescafe Classic - 100 Pure Instant Coffee Powder,24 g,124,120,3,In stock
1376,22-07-26,Mumbai,Zepto,Drinks and Beverages,Coffee,Nescafe Classic - 100 Pure Instant Coffee Powder,24 g,140,120,14,In stock
1377,22-07-26,Pune,Zepto,Drinks and Beverages,Coffee,Nescafe Classic - 100 Pure Instant Coffee Powder,24 g,124,120,3,In stock
1378,22-07-26,Bengaluru,Zepto,Drinks and Beverages,Coffee,Nescafe Classic - 100 Pure Instant Coffee Powder,24 g,124,120,3,In stock
1379,22-07-26,Chennai,Zepto,Drinks and Beverages,Coffee,Nescafe Classic - 100 Pure Instant Coffee Powder,24 g,124,119,4,In stock
1380,22-07-26,Chennai,Blinkit,Drinks and Beverages,Coffee,Nescafe Classic - 100 Pure Instant Coffee Powder,24 g,124,,100,Out of stock
1381,23-07-26,Delhi,Blinkit,Drinks and Beverages,Coffee,Nescafe Classic - 100 Pure Instant Coffee Powder,24 g,124,124,0,In stock
662,24-07-26,Mumbai,Blinkit,Cleaning,Antiseptic liquid,Dettol Antiseptic Liquid,750 g,364,364,0,In stock
1383,23-07-26,Pune,Blinkit,Drinks and Beverages,Coffee,Nescafe Classic - 100 Pure Instant Coffee Powder,24 g,124,124,0,In stock
1384,23-07-26,Bengaluru,Blinkit,Drinks and Beverages,Coffee,Nescafe Classic - 100 Pure Instant Coffee Powder,24 g,124,124,0,In stock
1385,23-07-26,Delhi,Instamart,Drinks and Beverages,Coffee,Nescafe Classic - 100 Pure Instant Coffee Powder,24 g,124,124,0,In stock
1386,23-07-26,Mumbai,Instamart,Drinks and Beverages,Coffee,Nescafe Classic - 100 Pure Instant Coffee Powder,24 g,124,124,0,In stock
1387,23-07-26,Pune,Instamart,Drinks and Beverages,Coffee,Nescafe Classic - 100 Pure Instant Coffee Powder,24 g,124,124,0,In stock
1388,23-07-26,Bengaluru,Instamart,Drinks and Beverages,Coffee,Nescafe Classic - 100 Pure Instant Coffee Powder,24 g,124,124,0,In stock
1389,23-07-26,Chennai,Instamart,Drinks and Beverages,Coffee,Nescafe Classic - 100 Pure Instant Coffee Powder,24 g,124,124,0,In stock
1390,23-07-26,Delhi,Zepto,Drinks and Beverages,Coffee,Nescafe Classic - 100 Pure Instant Coffee Powder,24 g,124,119,4,In stock
1391,23-07-26,Mumbai,Zepto,Drinks and Beverages,Coffee,Nescafe Classic - 100 Pure Instant Coffee Powder,24 g,140,119,15,In stock
1392,23-07-26,Pune,Zepto,Drinks and Beverages,Coffee,Nescafe Classic - 100 Pure Instant Coffee Powder,24 g,124,119,4,In stock
1393,23-07-26,Bengaluru,Zepto,Drinks and Beverages,Coffee,Nescafe Classic - 100 Pure Instant Coffee Powder,24 g,124,119,4,In stock
1394,23-07-26,Chennai,Zepto,Drinks and Beverages,Coffee,Nescafe Classic - 100 Pure Instant Coffee Powder,24 g,124,118,5,In stock
1395,23-07-26,Chennai,Blinkit,Drinks and Beverages,Coffee,Nescafe Classic - 100 Pure Instant Coffee Powder,24 g,124,,100,Out of stock
1396,24-07-26,Delhi,Blinkit,Drinks and Beverages,Coffee,Nescafe Classic - 100 Pure Instant Coffee Powder,24 g,124,124,0,In stock
872,24-07-26,Mumbai,Blinkit,Staples,Wheat flour,"Fortune Fresh (100 Atta, 0 Maida) Chakki Atta",5 kg,277,213,23,In stock
1398,24-07-26,Pune,Blinkit,Drinks and Beverages,Coffee,Nescafe Classic - 100 Pure Instant Coffee Powder,24 g,124,124,0,In stock
1399,24-07-26,Bengaluru,Blinkit,Drinks and Beverages,Coffee,Nescafe Classic - 100 Pure Instant Coffee Powder,24 g,124,124,0,In stock
1400,24-07-26,Chennai,Blinkit,Drinks and Beverages,Coffee,Nescafe Classic - 100 Pure Instant Coffee Powder,24 g,124,124,0,In stock
1401,24-07-26,Delhi,Instamart,Drinks and Beverages,Coffee,Nescafe Classic - 100 Pure Instant Coffee Powder,24 g,124,124,0,In stock
1402,24-07-26,Mumbai,Instamart,Drinks and Beverages,Coffee,Nescafe Classic - 100 Pure Instant Coffee Powder,24 g,124,124,0,In stock
1403,24-07-26,Pune,Instamart,Drinks and Beverages,Coffee,Nescafe Classic - 100 Pure Instant Coffee Powder,24 g,124,124,0,In stock
1404,24-07-26,Bengaluru,Instamart,Drinks and Beverages,Coffee,Nescafe Classic - 100 Pure Instant Coffee Powder,24 g,124,124,0,In stock
1405,24-07-26,Chennai,Instamart,Drinks and Beverages,Coffee,Nescafe Classic - 100 Pure Instant Coffee Powder,24 g,124,124,0,In stock
1406,24-07-26,Delhi,Zepto,Drinks and Beverages,Coffee,Nescafe Classic - 100 Pure Instant Coffee Powder,24 g,124,119,4,In stock
1407,24-07-26,Mumbai,Zepto,Drinks and Beverages,Coffee,Nescafe Classic - 100 Pure Instant Coffee Powder,24 g,124,107,14,In stock
1408,24-07-26,Pune,Zepto,Drinks and Beverages,Coffee,Nescafe Classic - 100 Pure Instant Coffee Powder,24 g,124,119,4,In stock
1409,24-07-26,Bengaluru,Zepto,Drinks and Beverages,Coffee,Nescafe Classic - 100 Pure Instant Coffee Powder,24 g,124,119,4,In stock
1410,24-07-26,Chennai,Zepto,Drinks and Beverages,Coffee,Nescafe Classic - 100 Pure Instant Coffee Powder,24 g,124,116,6,In stock
1411,25-07-26,Delhi,Blinkit,Drinks and Beverages,Coffee,Nescafe Classic - 100 Pure Instant Coffee Powder,24 g,124,124,0,In stock
1412,25-07-26,Mumbai,Blinkit,Drinks and Beverages,Coffee,Nescafe Classic - 100 Pure Instant Coffee Powder,24 g,124,124,0,In stock
1413,25-07-26,Bengaluru,Blinkit,Drinks and Beverages,Coffee,Nescafe Classic - 100 Pure Instant Coffee Powder,24 g,124,124,0,In stock
1414,25-07-26,Chennai,Blinkit,Drinks and Beverages,Coffee,Nescafe Classic - 100 Pure Instant Coffee Powder,24 g,124,124,0,In stock
1415,25-07-26,Delhi,Instamart,Drinks and Beverages,Coffee,Nescafe Classic - 100 Pure Instant Coffee Powder,24 g,124,124,0,In stock
1416,25-07-26,Mumbai,Instamart,Drinks and Beverages,Coffee,Nescafe Classic - 100 Pure Instant Coffee Powder,24 g,124,124,0,In stock
1417,25-07-26,Pune,Instamart,Drinks and Beverages,Coffee,Nescafe Classic - 100 Pure Instant Coffee Powder,24 g,124,124,0,In stock
1418,25-07-26,Bengaluru,Instamart,Drinks and Beverages,Coffee,Nescafe Classic - 100 Pure Instant Coffee Powder,24 g,124,124,0,In stock
1419,25-07-26,Chennai,Instamart,Drinks and Beverages,Coffee,Nescafe Classic - 100 Pure Instant Coffee Powder,24 g,124,124,0,In stock
1420,25-07-26,Delhi,Zepto,Drinks and Beverages,Coffee,Nescafe Classic - 100 Pure Instant Coffee Powder,24 g,124,119,4,In stock
1421,25-07-26,Mumbai,Zepto,Drinks and Beverages,Coffee,Nescafe Classic - 100 Pure Instant Coffee Powder,24 g,124,107,14,In stock
1422,25-07-26,Pune,Zepto,Drinks and Beverages,Coffee,Nescafe Classic - 100 Pure Instant Coffee Powder,24 g,124,119,4,In stock
1423,25-07-26,Bengaluru,Zepto,Drinks and Beverages,Coffee,Nescafe Classic - 100 Pure Instant Coffee Powder,24 g,124,119,4,In stock
1424,25-07-26,Chennai,Zepto,Drinks and Beverages,Coffee,Nescafe Classic - 100 Pure Instant Coffee Powder,24 g,124,116,6,In stock
1425,25-07-26,Pune,Blinkit,Drinks and Beverages,Coffee,Nescafe Classic - 100 Pure Instant Coffee Powder,24 g,124,,100,Out of stock
1426,26-07-26,Delhi,Blinkit,Drinks and Beverages,Coffee,Nescafe Classic - 100 Pure Instant Coffee Powder,24 g,124,124,0,In stock
1427,26-07-26,Mumbai,Blinkit,Drinks and Beverages,Coffee,Nescafe Classic - 100 Pure Instant Coffee Powder,24 g,124,124,0,In stock
1428,26-07-26,Bengaluru,Blinkit,Drinks and Beverages,Coffee,Nescafe Classic - 100 Pure Instant Coffee Powder,24 g,124,124,0,In stock
1429,26-07-26,Chennai,Blinkit,Drinks and Beverages,Coffee,Nescafe Classic - 100 Pure Instant Coffee Powder,24 g,124,124,0,In stock
1430,26-07-26,Delhi,Instamart,Drinks and Beverages,Coffee,Nescafe Classic - 100 Pure Instant Coffee Powder,24 g,124,124,0,In stock
1431,26-07-26,Mumbai,Instamart,Drinks and Beverages,Coffee,Nescafe Classic - 100 Pure Instant Coffee Powder,24 g,124,124,0,In stock
1432,26-07-26,Pune,Instamart,Drinks and Beverages,Coffee,Nescafe Classic - 100 Pure Instant Coffee Powder,24 g,124,124,0,In stock
1433,26-07-26,Bengaluru,Instamart,Drinks and Beverages,Coffee,Nescafe Classic - 100 Pure Instant Coffee Powder,24 g,124,124,0,In stock
1434,26-07-26,Chennai,Instamart,Drinks and Beverages,Coffee,Nescafe Classic - 100 Pure Instant Coffee Powder,24 g,124,124,0,In stock
1435,26-07-26,Delhi,Zepto,Drinks and Beverages,Coffee,Nescafe Classic - 100 Pure Instant Coffee Powder,24 g,124,119,4,In stock
1436,26-07-26,Mumbai,Zepto,Drinks and Beverages,Coffee,Nescafe Classic - 100 Pure Instant Coffee Powder,24 g,124,107,14,In stock
1437,26-07-26,Pune,Zepto,Drinks and Beverages,Coffee,Nescafe Classic - 100 Pure Instant Coffee Powder,24 g,124,119,4,In stock
1438,26-07-26,Bengaluru,Zepto,Drinks and Beverages,Coffee,Nescafe Classic - 100 Pure Instant Coffee Powder,24 g,124,119,4,In stock
1439,26-07-26,Chennai,Zepto,Drinks and Beverages,Coffee,Nescafe Classic - 100 Pure Instant Coffee Powder,24 g,124,116,6,In stock
1440,26-07-26,Pune,Blinkit,Drinks and Beverages,Coffee,Nescafe Classic - 100 Pure Instant Coffee Powder,24 g,124,,100,Out of stock
1441,27-07-26,Delhi,Blinkit,Drinks and Beverages,Coffee,Nescafe Classic - 100 Pure Instant Coffee Powder,24 g,124,124,0,In stock
1442,27-07-26,Mumbai,Blinkit,Drinks and Beverages,Coffee,Nescafe Classic - 100 Pure Instant Coffee Powder,24 g,124,124,0,In stock
1443,27-07-26,Pune,Blinkit,Drinks and Beverages,Coffee,Nescafe Classic - 100 Pure Instant Coffee Powder,24 g,124,124,0,In stock
1444,27-07-26,Bengaluru,Blinkit,Drinks and Beverages,Coffee,Nescafe Classic - 100 Pure Instant Coffee Powder,24 g,124,124,0,In stock
1445,27-07-26,Chennai,Blinkit,Drinks and Beverages,Coffee,Nescafe Classic - 100 Pure Instant Coffee Powder,24 g,124,124,0,In stock
1446,27-07-26,Delhi,Instamart,Drinks and Beverages,Coffee,Nescafe Classic - 100 Pure Instant Coffee Powder,24 g,124,124,0,In stock
1447,27-07-26,Mumbai,Instamart,Drinks and Beverages,Coffee,Nescafe Classic - 100 Pure Instant Coffee Powder,24 g,124,124,0,In stock
1448,27-07-26,Pune,Instamart,Drinks and Beverages,Coffee,Nescafe Classic - 100 Pure Instant Coffee Powder,24 g,124,124,0,In stock
1449,27-07-26,Bengaluru,Instamart,Drinks and Beverages,Coffee,Nescafe Classic - 100 Pure Instant Coffee Powder,24 g,124,124,0,In stock
1450,27-07-26,Chennai,Instamart,Drinks and Beverages,Coffee,Nescafe Classic - 100 Pure Instant Coffee Powder,24 g,124,124,0,In stock
1451,27-07-26,Delhi,Zepto,Drinks and Beverages,Coffee,Nescafe Classic - 100 Pure Instant Coffee Powder,24 g,124,119,4,In stock
1452,27-07-26,Mumbai,Zepto,Drinks and Beverages,Coffee,Nescafe Classic - 100 Pure Instant Coffee Powder,24 g,124,107,14,In stock
1453,27-07-26,Pune,Zepto,Drinks and Beverages,Coffee,Nescafe Classic - 100 Pure Instant Coffee Powder,24 g,124,119,4,In stock
1454,27-07-26,Bengaluru,Zepto,Drinks and Beverages,Coffee,Nescafe Classic - 100 Pure Instant Coffee Powder,24 g,124,119,4,In stock
1455,27-07-26,Chennai,Zepto,Drinks and Beverages,Coffee,Nescafe Classic - 100 Pure Instant Coffee Powder,24 g,124,120,3,In stock
1456,28-07-26,Delhi,Blinkit,Drinks and Beverages,Coffee,Nescafe Classic - 100 Pure Instant Coffee Powder,24 g,124,124,0,In stock
1457,28-07-26,Mumbai,Blinkit,Drinks and Beverages,Coffee,Nescafe Classic - 100 Pure Instant Coffee Powder,24 g,124,124,0,In stock
1458,28-07-26,Pune,Blinkit,Drinks and Beverages,Coffee,Nescafe Classic - 100 Pure Instant Coffee Powder,24 g,124,124,0,In stock
1459,28-07-26,Bengaluru,Blinkit,Drinks and Beverages,Coffee,Nescafe Classic - 100 Pure Instant Coffee Powder,24 g,124,124,0,In stock
1460,28-07-26,Chennai,Blinkit,Drinks and Beverages,Coffee,Nescafe Classic - 100 Pure Instant Coffee Powder,24 g,124,124,0,In stock
1461,28-07-26,Delhi,Instamart,Drinks and Beverages,Coffee,Nescafe Classic - 100 Pure Instant Coffee Powder,24 g,124,124,0,In stock
1462,28-07-26,Mumbai,Instamart,Drinks and Beverages,Coffee,Nescafe Classic - 100 Pure Instant Coffee Powder,24 g,124,124,0,In stock
1463,28-07-26,Pune,Instamart,Drinks and Beverages,Coffee,Nescafe Classic - 100 Pure Instant Coffee Powder,24 g,124,124,0,In stock
1464,28-07-26,Bengaluru,Instamart,Drinks and Beverages,Coffee,Nescafe Classic - 100 Pure Instant Coffee Powder,24 g,124,124,0,In stock
1465,28-07-26,Chennai,Instamart,Drinks and Beverages,Coffee,Nescafe Classic - 100 Pure Instant Coffee Powder,24 g,124,124,0,In stock
1466,28-07-26,Delhi,Zepto,Drinks and Beverages,Coffee,Nescafe Classic - 100 Pure Instant Coffee Powder,24 g,124,119,4,In stock
1467,28-07-26,Mumbai,Zepto,Drinks and Beverages,Coffee,Nescafe Classic - 100 Pure Instant Coffee Powder,24 g,124,113,9,In stock
1468,28-07-26,Pune,Zepto,Drinks and Beverages,Coffee,Nescafe Classic - 100 Pure Instant Coffee Powder,24 g,124,119,4,In stock
1469,28-07-26,Bengaluru,Zepto,Drinks and Beverages,Coffee,Nescafe Classic - 100 Pure Instant Coffee Powder,24 g,124,119,4,In stock
1470,28-07-26,Chennai,Zepto,Drinks and Beverages,Coffee,Nescafe Classic - 100 Pure Instant Coffee Powder,24 g,124,120,3,In stock
1471,22-07-26,Delhi,Instamart,Snacks,Biscuit,Parle-G Original Gluco Biscuit,800 g,100,95,5,In stock
1472,22-07-26,Delhi,Blinkit,Snacks,Biscuit,Parle-G Original Gluco Biscuit,800 g,100,93,7,In stock
1473,22-07-26,Mumbai,Blinkit,Snacks,Biscuit,Parle-G Original Gluco Biscuit,800 g,100,93,7,In stock
1474,22-07-26,Pune,Blinkit,Snacks,Biscuit,Parle-G Original Gluco Biscuit,800 g,100,97,3,In stock
1475,22-07-26,Bengaluru,Blinkit,Snacks,Biscuit,Parle-G Original Gluco Biscuit,800 g,100,93,7,In stock
1476,22-07-26,Chennai,Blinkit,Snacks,Biscuit,Parle-G Original Gluco Biscuit,800 g,100,93,7,In stock
1477,22-07-26,Mumbai,Instamart,Snacks,Biscuit,Parle-G Original Gluco Biscuit,800 g,100,95,5,In stock
1478,22-07-26,Pune,Instamart,Snacks,Biscuit,Parle-G Original Gluco Biscuit,800 g,100,95,5,In stock
1479,22-07-26,Bengaluru,Instamart,Snacks,Biscuit,Parle-G Original Gluco Biscuit,800 g,100,95,5,In stock
1480,22-07-26,Chennai,Instamart,Snacks,Biscuit,Parle-G Original Gluco Biscuit,800 g,100,95,5,In stock
1481,22-07-26,Delhi,Zepto,Snacks,Biscuit,Parle-G Original Gluco Biscuit,800 g,100,82,18,In stock
1482,22-07-26,Mumbai,Zepto,Snacks,Biscuit,Parle-G Original Gluco Biscuit,800 g,100,84,16,In stock
1483,22-07-26,Pune,Zepto,Snacks,Biscuit,Parle-G Original Gluco Biscuit,800 g,100,89,11,In stock
1484,22-07-26,Bengaluru,Zepto,Snacks,Biscuit,Parle-G Original Gluco Biscuit,800 g,100,88,12,In stock
1485,22-07-26,Chennai,Zepto,Snacks,Biscuit,Parle-G Original Gluco Biscuit,800 g,100,82,18,In stock
1486,23-07-26,Delhi,Blinkit,Snacks,Biscuit,Parle-G Original Gluco Biscuit,800 g,100,93,7,In stock
977,24-07-26,Mumbai,Blinkit,Staples,Rice,India gate super basmati rice extra long grain,5 kg,1082,837,23,In stock
1488,23-07-26,Pune,Blinkit,Snacks,Biscuit,Parle-G Original Gluco Biscuit,800 g,100,97,3,In stock
1489,23-07-26,Bengaluru,Blinkit,Snacks,Biscuit,Parle-G Original Gluco Biscuit,800 g,100,93,7,In stock
1490,23-07-26,Chennai,Blinkit,Snacks,Biscuit,Parle-G Original Gluco Biscuit,800 g,100,93,7,In stock
1491,23-07-26,Delhi,Instamart,Snacks,Biscuit,Parle-G Original Gluco Biscuit,800 g,100,95,5,In stock
1492,23-07-26,Pune,Instamart,Snacks,Biscuit,Parle-G Original Gluco Biscuit,800 g,100,95,5,In stock
1493,23-07-26,Bengaluru,Instamart,Snacks,Biscuit,Parle-G Original Gluco Biscuit,800 g,100,95,5,In stock
1494,23-07-26,Chennai,Instamart,Snacks,Biscuit,Parle-G Original Gluco Biscuit,800 g,100,95,5,In stock
1495,23-07-26,Delhi,Zepto,Snacks,Biscuit,Parle-G Original Gluco Biscuit,800 g,100,88,12,In stock
1496,23-07-26,Mumbai,Zepto,Snacks,Biscuit,Parle-G Original Gluco Biscuit,800 g,100,84,16,In stock
1497,23-07-26,Pune,Zepto,Snacks,Biscuit,Parle-G Original Gluco Biscuit,800 g,100,89,11,In stock
1498,23-07-26,Bengaluru,Zepto,Snacks,Biscuit,Parle-G Original Gluco Biscuit,800 g,100,90,10,In stock
1499,23-07-26,Chennai,Zepto,Snacks,Biscuit,Parle-G Original Gluco Biscuit,800 g,100,79,21,In stock
1500,23-07-26,Mumbai,Instamart,Snacks,Biscuit,Parle-G Original Gluco Biscuit,800 g,100,,100,Out of stock
1501,24-07-26,Delhi,Blinkit,Snacks,Biscuit,Parle-G Original Gluco Biscuit,800 g,100,93,7,In stock
1082,24-07-26,Mumbai,Blinkit,Snacks,Chips,Lay's India's Magic Masala Potato Chips,58 g,25,25,0,In stock
1503,24-07-26,Pune,Blinkit,Snacks,Biscuit,Parle-G Original Gluco Biscuit,800 g,100,97,3,In stock
1504,24-07-26,Bengaluru,Blinkit,Snacks,Biscuit,Parle-G Original Gluco Biscuit,800 g,100,93,7,In stock
1505,24-07-26,Chennai,Blinkit,Snacks,Biscuit,Parle-G Original Gluco Biscuit,800 g,100,93,7,In stock
1506,24-07-26,Delhi,Instamart,Snacks,Biscuit,Parle-G Original Gluco Biscuit,800 g,100,95,5,In stock
1507,24-07-26,Mumbai,Instamart,Snacks,Biscuit,Parle-G Original Gluco Biscuit,800 g,100,95,5,In stock
1508,24-07-26,Pune,Instamart,Snacks,Biscuit,Parle-G Original Gluco Biscuit,800 g,100,95,5,In stock
1509,24-07-26,Bengaluru,Instamart,Snacks,Biscuit,Parle-G Original Gluco Biscuit,800 g,100,95,5,In stock
1510,24-07-26,Chennai,Instamart,Snacks,Biscuit,Parle-G Original Gluco Biscuit,800 g,100,95,5,In stock
1511,24-07-26,Delhi,Zepto,Snacks,Biscuit,Parle-G Original Gluco Biscuit,800 g,100,88,12,In stock
1512,24-07-26,Mumbai,Zepto,Snacks,Biscuit,Parle-G Original Gluco Biscuit,800 g,100,84,16,In stock
1513,24-07-26,Pune,Zepto,Snacks,Biscuit,Parle-G Original Gluco Biscuit,800 g,100,89,11,In stock
1514,24-07-26,Bengaluru,Zepto,Snacks,Biscuit,Parle-G Original Gluco Biscuit,800 g,100,90,10,In stock
1515,24-07-26,Chennai,Zepto,Snacks,Biscuit,Parle-G Original Gluco Biscuit,800 g,100,79,21,In stock
1516,25-07-26,Delhi,Blinkit,Snacks,Biscuit,Parle-G Original Gluco Biscuit,800 g,100,93,7,In stock
1517,25-07-26,Mumbai,Blinkit,Snacks,Biscuit,Parle-G Original Gluco Biscuit,800 g,100,93,7,In stock
1518,25-07-26,Pune,Blinkit,Snacks,Biscuit,Parle-G Original Gluco Biscuit,800 g,100,97,3,In stock
1519,25-07-26,Bengaluru,Blinkit,Snacks,Biscuit,Parle-G Original Gluco Biscuit,800 g,100,93,7,In stock
1520,25-07-26,Chennai,Blinkit,Snacks,Biscuit,Parle-G Original Gluco Biscuit,800 g,100,93,7,In stock
1521,25-07-26,Delhi,Instamart,Snacks,Biscuit,Parle-G Original Gluco Biscuit,800 g,100,95,5,In stock
1522,25-07-26,Mumbai,Instamart,Snacks,Biscuit,Parle-G Original Gluco Biscuit,800 g,100,95,5,In stock
1523,25-07-26,Pune,Instamart,Snacks,Biscuit,Parle-G Original Gluco Biscuit,800 g,100,95,5,In stock
1524,25-07-26,Bengaluru,Instamart,Snacks,Biscuit,Parle-G Original Gluco Biscuit,800 g,100,95,5,In stock
1525,25-07-26,Chennai,Instamart,Snacks,Biscuit,Parle-G Original Gluco Biscuit,800 g,100,95,5,In stock
1526,25-07-26,Delhi,Zepto,Snacks,Biscuit,Parle-G Original Gluco Biscuit,800 g,100,88,12,In stock
1527,25-07-26,Mumbai,Zepto,Snacks,Biscuit,Parle-G Original Gluco Biscuit,800 g,100,84,16,In stock
1528,25-07-26,Pune,Zepto,Snacks,Biscuit,Parle-G Original Gluco Biscuit,800 g,100,89,11,In stock
1529,25-07-26,Bengaluru,Zepto,Snacks,Biscuit,Parle-G Original Gluco Biscuit,800 g,100,84,16,In stock
1530,25-07-26,Chennai,Zepto,Snacks,Biscuit,Parle-G Original Gluco Biscuit,800 g,100,79,21,In stock
1531,26-07-26,Delhi,Blinkit,Snacks,Biscuit,Parle-G Original Gluco Biscuit,800 g,100,93,7,In stock
1532,26-07-26,Mumbai,Blinkit,Snacks,Biscuit,Parle-G Original Gluco Biscuit,800 g,100,93,7,In stock
1533,26-07-26,Pune,Blinkit,Snacks,Biscuit,Parle-G Original Gluco Biscuit,800 g,100,97,3,In stock
1534,26-07-26,Bengaluru,Blinkit,Snacks,Biscuit,Parle-G Original Gluco Biscuit,800 g,100,93,7,In stock
1535,26-07-26,Chennai,Blinkit,Snacks,Biscuit,Parle-G Original Gluco Biscuit,800 g,100,93,7,In stock
1536,26-07-26,Delhi,Instamart,Snacks,Biscuit,Parle-G Original Gluco Biscuit,800 g,100,95,5,In stock
1537,26-07-26,Mumbai,Instamart,Snacks,Biscuit,Parle-G Original Gluco Biscuit,800 g,100,95,5,In stock
1538,26-07-26,Pune,Instamart,Snacks,Biscuit,Parle-G Original Gluco Biscuit,800 g,100,95,5,In stock
1539,26-07-26,Bengaluru,Instamart,Snacks,Biscuit,Parle-G Original Gluco Biscuit,800 g,100,95,5,In stock
1540,26-07-26,Chennai,Instamart,Snacks,Biscuit,Parle-G Original Gluco Biscuit,800 g,100,95,5,In stock
1541,26-07-26,Delhi,Zepto,Snacks,Biscuit,Parle-G Original Gluco Biscuit,800 g,100,88,12,In stock
1542,26-07-26,Mumbai,Zepto,Snacks,Biscuit,Parle-G Original Gluco Biscuit,800 g,100,81,19,In stock
1543,26-07-26,Pune,Zepto,Snacks,Biscuit,Parle-G Original Gluco Biscuit,800 g,100,89,11,In stock
1544,26-07-26,Bengaluru,Zepto,Snacks,Biscuit,Parle-G Original Gluco Biscuit,800 g,100,90,10,In stock
1545,26-07-26,Chennai,Zepto,Snacks,Biscuit,Parle-G Original Gluco Biscuit,800 g,100,79,21,In stock
1546,27-07-26,Delhi,Blinkit,Snacks,Biscuit,Parle-G Original Gluco Biscuit,800 g,100,93,7,In stock
1547,27-07-26,Mumbai,Blinkit,Snacks,Biscuit,Parle-G Original Gluco Biscuit,800 g,100,93,7,In stock
1548,27-07-26,Pune,Blinkit,Snacks,Biscuit,Parle-G Original Gluco Biscuit,800 g,100,97,3,In stock
1549,27-07-26,Chennai,Blinkit,Snacks,Biscuit,Parle-G Original Gluco Biscuit,800 g,100,93,7,In stock
1550,27-07-26,Delhi,Instamart,Snacks,Biscuit,Parle-G Original Gluco Biscuit,800 g,100,95,5,In stock
1551,27-07-26,Mumbai,Instamart,Snacks,Biscuit,Parle-G Original Gluco Biscuit,800 g,100,95,5,In stock
1552,27-07-26,Pune,Instamart,Snacks,Biscuit,Parle-G Original Gluco Biscuit,800 g,100,95,5,In stock
1553,27-07-26,Bengaluru,Instamart,Snacks,Biscuit,Parle-G Original Gluco Biscuit,800 g,100,95,5,In stock
1554,27-07-26,Chennai,Instamart,Snacks,Biscuit,Parle-G Original Gluco Biscuit,800 g,100,95,5,In stock
1555,27-07-26,Delhi,Zepto,Snacks,Biscuit,Parle-G Original Gluco Biscuit,800 g,100,88,12,In stock
1556,27-07-26,Mumbai,Zepto,Snacks,Biscuit,Parle-G Original Gluco Biscuit,800 g,100,81,19,In stock
1557,27-07-26,Pune,Zepto,Snacks,Biscuit,Parle-G Original Gluco Biscuit,800 g,100,89,11,In stock
1558,27-07-26,Bengaluru,Zepto,Snacks,Biscuit,Parle-G Original Gluco Biscuit,800 g,100,90,10,In stock
1559,27-07-26,Chennai,Zepto,Snacks,Biscuit,Parle-G Original Gluco Biscuit,800 g,100,79,21,In stock
1560,27-07-26,Bengaluru,Blinkit,Snacks,Biscuit,Parle-G Original Gluco Biscuit,800 g,100,,100,Out of stock
1561,28-07-26,Delhi,Blinkit,Snacks,Biscuit,Parle-G Original Gluco Biscuit,800 g,100,93,7,In stock
1562,28-07-26,Mumbai,Blinkit,Snacks,Biscuit,Parle-G Original Gluco Biscuit,800 g,100,93,7,In stock
1563,28-07-26,Pune,Blinkit,Snacks,Biscuit,Parle-G Original Gluco Biscuit,800 g,100,97,3,In stock
1564,28-07-26,Bengaluru,Blinkit,Snacks,Biscuit,Parle-G Original Gluco Biscuit,800 g,100,93,7,In stock
1565,28-07-26,Chennai,Blinkit,Snacks,Biscuit,Parle-G Original Gluco Biscuit,800 g,100,93,7,In stock
1566,28-07-26,Delhi,Instamart,Snacks,Biscuit,Parle-G Original Gluco Biscuit,800 g,100,95,5,In stock
1567,28-07-26,Mumbai,Instamart,Snacks,Biscuit,Parle-G Original Gluco Biscuit,800 g,100,95,5,In stock
1568,28-07-26,Pune,Instamart,Snacks,Biscuit,Parle-G Original Gluco Biscuit,800 g,100,95,5,In stock
1569,28-07-26,Bengaluru,Instamart,Snacks,Biscuit,Parle-G Original Gluco Biscuit,800 g,100,95,5,In stock
1570,28-07-26,Chennai,Instamart,Snacks,Biscuit,Parle-G Original Gluco Biscuit,800 g,100,95,5,In stock
1571,28-07-26,Delhi,Zepto,Snacks,Biscuit,Parle-G Original Gluco Biscuit,800 g,100,88,12,In stock
1572,28-07-26,Mumbai,Zepto,Snacks,Biscuit,Parle-G Original Gluco Biscuit,800 g,100,84,16,In stock
1573,28-07-26,Pune,Zepto,Snacks,Biscuit,Parle-G Original Gluco Biscuit,800 g,100,85,15,In stock
1574,28-07-26,Bengaluru,Zepto,Snacks,Biscuit,Parle-G Original Gluco Biscuit,800 g,100,89,11,In stock
1575,28-07-26,Chennai,Zepto,Snacks,Biscuit,Parle-G Original Gluco Biscuit,800 g,100,79,21,In stock
1576,22-07-26,Delhi,Blinkit,Oils,Cooking oil,Saffola Total Heart Pro Rice Bran & Sunflower Blended Oil,1 lit,260,239,8,In stock
1577,22-07-26,Mumbai,Blinkit,Oils,Cooking oil,Saffola Total Heart Pro Rice Bran & Sunflower Blended Oil,1 lit,265,244,8,In stock
1578,22-07-26,Pune,Blinkit,Oils,Cooking oil,Saffola Total Heart Pro Rice Bran & Sunflower Blended Oil,1 lit,260,239,8,In stock
1579,22-07-26,Bengaluru,Blinkit,Oils,Cooking oil,Saffola Total Heart Pro Rice Bran & Sunflower Blended Oil,1 lit,260,239,8,In stock
1580,22-07-26,Chennai,Blinkit,Oils,Cooking oil,Saffola Total Heart Pro Rice Bran & Sunflower Blended Oil,1 lit,260,239,8,In stock
1581,22-07-26,Delhi,Instamart,Oils,Cooking oil,Saffola Total Heart Pro Rice Bran & Sunflower Blended Oil,1 lit,260,239,8,In stock
1582,22-07-26,Mumbai,Instamart,Oils,Cooking oil,Saffola Total Heart Pro Rice Bran & Sunflower Blended Oil,1 lit,265,239,10,In stock
1583,22-07-26,Pune,Instamart,Oils,Cooking oil,Saffola Total Heart Pro Rice Bran & Sunflower Blended Oil,1 lit,260,247,5,In stock
1584,22-07-26,Bengaluru,Instamart,Oils,Cooking oil,Saffola Total Heart Pro Rice Bran & Sunflower Blended Oil,1 lit,260,247,5,In stock
1585,22-07-26,Chennai,Instamart,Oils,Cooking oil,Saffola Total Heart Pro Rice Bran & Sunflower Blended Oil,1 lit,260,243,7,In stock
1586,22-07-26,Delhi,Zepto,Oils,Cooking oil,Saffola Total Heart Pro Rice Bran & Sunflower Blended Oil,1 lit,260,234,10,In stock
1587,22-07-26,Mumbai,Zepto,Oils,Cooking oil,Saffola Total Heart Pro Rice Bran & Sunflower Blended Oil,1 lit,265,220,17,In stock
1588,22-07-26,Pune,Zepto,Oils,Cooking oil,Saffola Total Heart Pro Rice Bran & Sunflower Blended Oil,1 lit,260,234,10,In stock
1589,22-07-26,Bengaluru,Zepto,Oils,Cooking oil,Saffola Total Heart Pro Rice Bran & Sunflower Blended Oil,1 lit,260,228,12,In stock
1590,22-07-26,Chennai,Zepto,Oils,Cooking oil,Saffola Total Heart Pro Rice Bran & Sunflower Blended Oil,1 lit,260,234,10,In stock
1591,23-07-26,Delhi,Blinkit,Oils,Cooking oil,Saffola Total Heart Pro Rice Bran & Sunflower Blended Oil,1 lit,260,239,8,In stock
1187,24-07-26,Mumbai,Blinkit,Cleaning,Floor & Surface Cleaners ,Lizol Disinfectant Surface & Floor Cleaner 1 ,625 mL,169,169,0,In stock
1593,23-07-26,Pune,Blinkit,Oils,Cooking oil,Saffola Total Heart Pro Rice Bran & Sunflower Blended Oil,1 lit,260,239,8,In stock
1594,23-07-26,Bengaluru,Blinkit,Oils,Cooking oil,Saffola Total Heart Pro Rice Bran & Sunflower Blended Oil,1 lit,260,239,8,In stock
1595,23-07-26,Delhi,Instamart,Oils,Cooking oil,Saffola Total Heart Pro Rice Bran & Sunflower Blended Oil,1 lit,260,239,8,In stock
1596,23-07-26,Mumbai,Instamart,Oils,Cooking oil,Saffola Total Heart Pro Rice Bran & Sunflower Blended Oil,1 lit,265,239,10,In stock
1597,23-07-26,Pune,Instamart,Oils,Cooking oil,Saffola Total Heart Pro Rice Bran & Sunflower Blended Oil,1 lit,260,247,5,In stock
1598,23-07-26,Bengaluru,Instamart,Oils,Cooking oil,Saffola Total Heart Pro Rice Bran & Sunflower Blended Oil,1 lit,260,247,5,In stock
1599,23-07-26,Chennai,Instamart,Oils,Cooking oil,Saffola Total Heart Pro Rice Bran & Sunflower Blended Oil,1 lit,260,243,7,In stock
1600,23-07-26,Delhi,Zepto,Oils,Cooking oil,Saffola Total Heart Pro Rice Bran & Sunflower Blended Oil,1 lit,260,234,10,In stock
1601,23-07-26,Mumbai,Zepto,Oils,Cooking oil,Saffola Total Heart Pro Rice Bran & Sunflower Blended Oil,1 lit,265,220,17,In stock
1602,23-07-26,Pune,Zepto,Oils,Cooking oil,Saffola Total Heart Pro Rice Bran & Sunflower Blended Oil,1 lit,260,234,10,In stock
1603,23-07-26,Bengaluru,Zepto,Oils,Cooking oil,Saffola Total Heart Pro Rice Bran & Sunflower Blended Oil,1 lit,260,228,12,In stock
1604,23-07-26,Chennai,Zepto,Oils,Cooking oil,Saffola Total Heart Pro Rice Bran & Sunflower Blended Oil,1 lit,260,234,10,In stock
1605,23-07-26,Chennai,Blinkit,Oils,Cooking oil,Saffola Total Heart Pro Rice Bran & Sunflower Blended Oil,1 lit,260,,100,Out of stock
1606,24-07-26,Delhi,Blinkit,Oils,Cooking oil,Saffola Total Heart Pro Rice Bran & Sunflower Blended Oil,1 lit,260,239,8,In stock
1292,24-07-26,Mumbai,Blinkit,Snacks,Instant noodles,Maggi Masala - 2 Minutes Instant Noodles Made With Quality Spices,420 g,90,79,12,In stock
1608,24-07-26,Pune,Blinkit,Oils,Cooking oil,Saffola Total Heart Pro Rice Bran & Sunflower Blended Oil,1 lit,260,239,8,In stock
1609,24-07-26,Delhi,Instamart,Oils,Cooking oil,Saffola Total Heart Pro Rice Bran & Sunflower Blended Oil,1 lit,260,239,8,In stock
1610,24-07-26,Mumbai,Instamart,Oils,Cooking oil,Saffola Total Heart Pro Rice Bran & Sunflower Blended Oil,1 lit,265,239,10,In stock
1611,24-07-26,Pune,Instamart,Oils,Cooking oil,Saffola Total Heart Pro Rice Bran & Sunflower Blended Oil,1 lit,260,247,5,In stock
1612,24-07-26,Bengaluru,Instamart,Oils,Cooking oil,Saffola Total Heart Pro Rice Bran & Sunflower Blended Oil,1 lit,260,247,5,In stock
1613,24-07-26,Chennai,Instamart,Oils,Cooking oil,Saffola Total Heart Pro Rice Bran & Sunflower Blended Oil,1 lit,260,243,7,In stock
1614,24-07-26,Delhi,Zepto,Oils,Cooking oil,Saffola Total Heart Pro Rice Bran & Sunflower Blended Oil,1 lit,260,234,10,In stock
1615,24-07-26,Mumbai,Zepto,Oils,Cooking oil,Saffola Total Heart Pro Rice Bran & Sunflower Blended Oil,1 lit,265,220,17,In stock
1616,24-07-26,Pune,Zepto,Oils,Cooking oil,Saffola Total Heart Pro Rice Bran & Sunflower Blended Oil,1 lit,260,234,10,In stock
1617,24-07-26,Bengaluru,Zepto,Oils,Cooking oil,Saffola Total Heart Pro Rice Bran & Sunflower Blended Oil,1 lit,260,228,12,In stock
1618,24-07-26,Chennai,Zepto,Oils,Cooking oil,Saffola Total Heart Pro Rice Bran & Sunflower Blended Oil,1 lit,260,234,10,In stock
1619,24-07-26,Bengaluru,Blinkit,Oils,Cooking oil,Saffola Total Heart Pro Rice Bran & Sunflower Blended Oil,1 lit,260,,100,Out of stock
1620,24-07-26,Chennai,Blinkit,Oils,Cooking oil,Saffola Total Heart Pro Rice Bran & Sunflower Blended Oil,1 lit,260,,100,Out of stock
1621,25-07-26,Delhi,Blinkit,Oils,Cooking oil,Saffola Total Heart Pro Rice Bran & Sunflower Blended Oil,1 lit,260,239,8,In stock
1622,25-07-26,Mumbai,Blinkit,Oils,Cooking oil,Saffola Total Heart Pro Rice Bran & Sunflower Blended Oil,1 lit,265,244,8,In stock
1623,25-07-26,Pune,Blinkit,Oils,Cooking oil,Saffola Total Heart Pro Rice Bran & Sunflower Blended Oil,1 lit,260,239,8,In stock
1624,25-07-26,Bengaluru,Blinkit,Oils,Cooking oil,Saffola Total Heart Pro Rice Bran & Sunflower Blended Oil,1 lit,200,184,8,In stock
1625,25-07-26,Delhi,Instamart,Oils,Cooking oil,Saffola Total Heart Pro Rice Bran & Sunflower Blended Oil,1 lit,260,239,8,In stock
1626,25-07-26,Mumbai,Instamart,Oils,Cooking oil,Saffola Total Heart Pro Rice Bran & Sunflower Blended Oil,1 lit,265,239,10,In stock
1627,25-07-26,Pune,Instamart,Oils,Cooking oil,Saffola Total Heart Pro Rice Bran & Sunflower Blended Oil,1 lit,260,247,5,In stock
1628,25-07-26,Bengaluru,Instamart,Oils,Cooking oil,Saffola Total Heart Pro Rice Bran & Sunflower Blended Oil,1 lit,260,247,5,In stock
1629,25-07-26,Chennai,Instamart,Oils,Cooking oil,Saffola Total Heart Pro Rice Bran & Sunflower Blended Oil,1 lit,260,243,7,In stock
1630,25-07-26,Delhi,Zepto,Oils,Cooking oil,Saffola Total Heart Pro Rice Bran & Sunflower Blended Oil,1 lit,260,234,10,In stock
1631,25-07-26,Mumbai,Zepto,Oils,Cooking oil,Saffola Total Heart Pro Rice Bran & Sunflower Blended Oil,1 lit,265,220,17,In stock
1632,25-07-26,Pune,Zepto,Oils,Cooking oil,Saffola Total Heart Pro Rice Bran & Sunflower Blended Oil,1 lit,260,234,10,In stock
1633,25-07-26,Bengaluru,Zepto,Oils,Cooking oil,Saffola Total Heart Pro Rice Bran & Sunflower Blended Oil,1 lit,260,228,12,In stock
1634,25-07-26,Chennai,Zepto,Oils,Cooking oil,Saffola Total Heart Pro Rice Bran & Sunflower Blended Oil,1 lit,260,234,10,In stock
1635,25-07-26,Chennai,Blinkit,Oils,Cooking oil,Saffola Total Heart Pro Rice Bran & Sunflower Blended Oil,1 lit,260,,100,Out of stock
1636,26-07-26,Delhi,Blinkit,Oils,Cooking oil,Saffola Total Heart Pro Rice Bran & Sunflower Blended Oil,1 lit,260,239,8,In stock
1637,26-07-26,Mumbai,Blinkit,Oils,Cooking oil,Saffola Total Heart Pro Rice Bran & Sunflower Blended Oil,1 lit,265,244,8,In stock
1638,26-07-26,Pune,Blinkit,Oils,Cooking oil,Saffola Total Heart Pro Rice Bran & Sunflower Blended Oil,1 lit,260,239,8,In stock
1639,26-07-26,Bengaluru,Blinkit,Oils,Cooking oil,Saffola Total Heart Pro Rice Bran & Sunflower Blended Oil,1 lit,200,184,8,In stock
1640,26-07-26,Chennai,Blinkit,Oils,Cooking oil,Saffola Total Heart Pro Rice Bran & Sunflower Blended Oil,1 lit,260,239,8,In stock
1641,26-07-26,Delhi,Instamart,Oils,Cooking oil,Saffola Total Heart Pro Rice Bran & Sunflower Blended Oil,1 lit,260,239,8,In stock
1642,26-07-26,Mumbai,Instamart,Oils,Cooking oil,Saffola Total Heart Pro Rice Bran & Sunflower Blended Oil,1 lit,265,239,10,In stock
1643,26-07-26,Pune,Instamart,Oils,Cooking oil,Saffola Total Heart Pro Rice Bran & Sunflower Blended Oil,1 lit,260,247,5,In stock
1644,26-07-26,Bengaluru,Instamart,Oils,Cooking oil,Saffola Total Heart Pro Rice Bran & Sunflower Blended Oil,1 lit,260,247,5,In stock
1645,26-07-26,Chennai,Instamart,Oils,Cooking oil,Saffola Total Heart Pro Rice Bran & Sunflower Blended Oil,1 lit,260,243,7,In stock
1646,26-07-26,Delhi,Zepto,Oils,Cooking oil,Saffola Total Heart Pro Rice Bran & Sunflower Blended Oil,1 lit,260,234,10,In stock
1647,26-07-26,Mumbai,Zepto,Oils,Cooking oil,Saffola Total Heart Pro Rice Bran & Sunflower Blended Oil,1 lit,265,220,17,In stock
1648,26-07-26,Pune,Zepto,Oils,Cooking oil,Saffola Total Heart Pro Rice Bran & Sunflower Blended Oil,1 lit,260,234,10,In stock
1649,26-07-26,Bengaluru,Zepto,Oils,Cooking oil,Saffola Total Heart Pro Rice Bran & Sunflower Blended Oil,1 lit,260,228,12,In stock
1650,26-07-26,Chennai,Zepto,Oils,Cooking oil,Saffola Total Heart Pro Rice Bran & Sunflower Blended Oil,1 lit,260,234,10,In stock
1651,27-07-26,Delhi,Blinkit,Oils,Cooking oil,Saffola Total Heart Pro Rice Bran & Sunflower Blended Oil,1 lit,260,239,8,In stock
1652,27-07-26,Mumbai,Blinkit,Oils,Cooking oil,Saffola Total Heart Pro Rice Bran & Sunflower Blended Oil,1 lit,265,244,8,In stock
1653,27-07-26,Pune,Blinkit,Oils,Cooking oil,Saffola Total Heart Pro Rice Bran & Sunflower Blended Oil,1 lit,260,239,8,In stock
1654,27-07-26,Chennai,Blinkit,Oils,Cooking oil,Saffola Total Heart Pro Rice Bran & Sunflower Blended Oil,1 lit,260,239,8,In stock
1655,27-07-26,Delhi,Instamart,Oils,Cooking oil,Saffola Total Heart Pro Rice Bran & Sunflower Blended Oil,1 lit,260,239,8,In stock
1656,27-07-26,Mumbai,Instamart,Oils,Cooking oil,Saffola Total Heart Pro Rice Bran & Sunflower Blended Oil,1 lit,265,239,10,In stock
1657,27-07-26,Pune,Instamart,Oils,Cooking oil,Saffola Total Heart Pro Rice Bran & Sunflower Blended Oil,1 lit,260,247,5,In stock
1658,27-07-26,Bengaluru,Instamart,Oils,Cooking oil,Saffola Total Heart Pro Rice Bran & Sunflower Blended Oil,1 lit,260,248,5,In stock
1659,27-07-26,Chennai,Instamart,Oils,Cooking oil,Saffola Total Heart Pro Rice Bran & Sunflower Blended Oil,1 lit,260,243,7,In stock
1660,27-07-26,Delhi,Zepto,Oils,Cooking oil,Saffola Total Heart Pro Rice Bran & Sunflower Blended Oil,1 lit,260,234,10,In stock
1661,27-07-26,Mumbai,Zepto,Oils,Cooking oil,Saffola Total Heart Pro Rice Bran & Sunflower Blended Oil,1 lit,265,226,15,In stock
1662,27-07-26,Pune,Zepto,Oils,Cooking oil,Saffola Total Heart Pro Rice Bran & Sunflower Blended Oil,1 lit,260,234,10,In stock
1663,27-07-26,Bengaluru,Zepto,Oils,Cooking oil,Saffola Total Heart Pro Rice Bran & Sunflower Blended Oil,1 lit,260,228,12,In stock
1664,27-07-26,Bengaluru,Blinkit,Oils,Cooking oil,Saffola Total Heart Pro Rice Bran & Sunflower Blended Oil,1 lit,200,,100,Out of stock
1665,27-07-26,Chennai,Zepto,Oils,Cooking oil,Saffola Total Heart Pro Rice Bran & Sunflower Blended Oil,1 lit,260,,100,Out of stock
1666,28-07-26,Delhi,Blinkit,Oils,Cooking oil,Saffola Total Heart Pro Rice Bran & Sunflower Blended Oil,1 lit,260,239,8,In stock
1667,28-07-26,Mumbai,Blinkit,Oils,Cooking oil,Saffola Total Heart Pro Rice Bran & Sunflower Blended Oil,1 lit,265,244,8,In stock
1668,28-07-26,Pune,Blinkit,Oils,Cooking oil,Saffola Total Heart Pro Rice Bran & Sunflower Blended Oil,1 lit,260,239,8,In stock
1669,28-07-26,Chennai,Blinkit,Oils,Cooking oil,Saffola Total Heart Pro Rice Bran & Sunflower Blended Oil,1 lit,260,239,8,In stock
1670,28-07-26,Delhi,Instamart,Oils,Cooking oil,Saffola Total Heart Pro Rice Bran & Sunflower Blended Oil,1 lit,260,239,8,In stock
1671,28-07-26,Mumbai,Instamart,Oils,Cooking oil,Saffola Total Heart Pro Rice Bran & Sunflower Blended Oil,1 lit,265,244,8,In stock
1672,28-07-26,Pune,Instamart,Oils,Cooking oil,Saffola Total Heart Pro Rice Bran & Sunflower Blended Oil,1 lit,260,247,5,In stock
1673,28-07-26,Bengaluru,Instamart,Oils,Cooking oil,Saffola Total Heart Pro Rice Bran & Sunflower Blended Oil,1 lit,265,250,6,In stock
1674,28-07-26,Chennai,Instamart,Oils,Cooking oil,Saffola Total Heart Pro Rice Bran & Sunflower Blended Oil,1 lit,260,241,7,In stock
1675,28-07-26,Delhi,Zepto,Oils,Cooking oil,Saffola Total Heart Pro Rice Bran & Sunflower Blended Oil,1 lit,260,234,10,In stock
1676,28-07-26,Mumbai,Zepto,Oils,Cooking oil,Saffola Total Heart Pro Rice Bran & Sunflower Blended Oil,1 lit,265,230,13,In stock
1677,28-07-26,Pune,Zepto,Oils,Cooking oil,Saffola Total Heart Pro Rice Bran & Sunflower Blended Oil,1 lit,260,234,10,In stock
1678,28-07-26,Bengaluru,Zepto,Oils,Cooking oil,Saffola Total Heart Pro Rice Bran & Sunflower Blended Oil,1 lit,260,228,12,In stock
1679,28-07-26,Bengaluru,Blinkit,Oils,Cooking oil,Saffola Total Heart Pro Rice Bran & Sunflower Blended Oil,1 lit,200,,100,Out of stock
1680,28-07-26,Chennai,Zepto,Oils,Cooking oil,Saffola Total Heart Pro Rice Bran & Sunflower Blended Oil,1 lit,260,,100,Out of stock
1681,22-07-26,Chennai,Instamart,Cleaning,Detergent Powder,Surf Excel Easy Wash Detergent Powder,1.5 kg,242,237,2,In stock
1682,22-07-26,Delhi,Blinkit,Cleaning,Detergent Powder,Surf Excel Easy Wash Detergent Powder,1.5 kg,242,237,2,In stock
1683,22-07-26,Mumbai,Blinkit,Cleaning,Detergent Powder,Surf Excel Easy Wash Detergent Powder,1.5 kg,242,237,2,In stock
1684,22-07-26,Pune,Blinkit,Cleaning,Detergent Powder,Surf Excel Easy Wash Detergent Powder,1.5 kg,242,237,2,In stock
1685,22-07-26,Bengaluru,Blinkit,Cleaning,Detergent Powder,Surf Excel Easy Wash Detergent Powder,1.5 kg,242,237,2,In stock
1686,22-07-26,Delhi,Instamart,Cleaning,Detergent Powder,Surf Excel Easy Wash Detergent Powder,1.5 kg,235,230,2,In stock
1687,22-07-26,Mumbai,Instamart,Cleaning,Detergent Powder,Surf Excel Easy Wash Detergent Powder,1.5 kg,235,230,2,In stock
1688,22-07-26,Pune,Instamart,Cleaning,Detergent Powder,Surf Excel Easy Wash Detergent Powder,1.5 kg,242,237,2,In stock
1689,22-07-26,Bengaluru,Instamart,Cleaning,Detergent Powder,Surf Excel Easy Wash Detergent Powder,1.5 kg,235,230,2,In stock
1690,22-07-26,Delhi,Zepto,Cleaning,Detergent Powder,Surf Excel Easy Wash Detergent Powder,1.5 kg,235,229,3,In stock
1691,22-07-26,Pune,Zepto,Cleaning,Detergent Powder,Surf Excel Easy Wash Detergent Powder,1.5 kg,235,217,8,In stock
1692,22-07-26,Bengaluru,Zepto,Cleaning,Detergent Powder,Surf Excel Easy Wash Detergent Powder,1.5 kg,242,211,13,In stock
1693,22-07-26,Chennai,Zepto,Cleaning,Detergent Powder,Surf Excel Easy Wash Detergent Powder,1.5 kg,242,227,6,In stock
1694,22-07-26,Chennai,Blinkit,Cleaning,Detergent Powder,Surf Excel Easy Wash Detergent Powder,1.5 kg,165,,100,Out of stock
1695,22-07-26,Mumbai,Zepto,Cleaning,Detergent Powder,Surf Excel Easy Wash Detergent Powder,1.5 kg,242,,100,Out of stock
1696,23-07-26,Chennai,Blinkit,Cleaning,Detergent Powder,Surf Excel Easy Wash Detergent Powder,1.5 kg,242,237,2,In stock
1697,23-07-26,Mumbai,Zepto,Cleaning,Detergent Powder,Surf Excel Easy Wash Detergent Powder,1.5 kg,242,220,9,In stock
1698,23-07-26,Delhi,Blinkit,Cleaning,Detergent Powder,Surf Excel Easy Wash Detergent Powder,1.5 kg,242,237,2,In stock
1397,24-07-26,Mumbai,Blinkit,Drinks and Beverages,Coffee,Nescafe Classic - 100 Pure Instant Coffee Powder,24 g,124,124,0,In stock
1700,23-07-26,Pune,Blinkit,Cleaning,Detergent Powder,Surf Excel Easy Wash Detergent Powder,1.5 kg,242,237,2,In stock
1701,23-07-26,Bengaluru,Blinkit,Cleaning,Detergent Powder,Surf Excel Easy Wash Detergent Powder,1.5 kg,235,230,2,In stock
1702,23-07-26,Delhi,Instamart,Cleaning,Detergent Powder,Surf Excel Easy Wash Detergent Powder,1.5 kg,235,230,2,In stock
1703,23-07-26,Mumbai,Instamart,Cleaning,Detergent Powder,Surf Excel Easy Wash Detergent Powder,1.5 kg,235,230,2,In stock
1704,23-07-26,Pune,Instamart,Cleaning,Detergent Powder,Surf Excel Easy Wash Detergent Powder,1.5 kg,242,237,2,In stock
1705,23-07-26,Bengaluru,Instamart,Cleaning,Detergent Powder,Surf Excel Easy Wash Detergent Powder,1.5 kg,235,230,2,In stock
1706,23-07-26,Chennai,Instamart,Cleaning,Detergent Powder,Surf Excel Easy Wash Detergent Powder,1.5 kg,242,237,2,In stock
1707,23-07-26,Delhi,Zepto,Cleaning,Detergent Powder,Surf Excel Easy Wash Detergent Powder,1.5 kg,235,229,3,In stock
1708,23-07-26,Pune,Zepto,Cleaning,Detergent Powder,Surf Excel Easy Wash Detergent Powder,1.5 kg,242,217,10,In stock
1709,23-07-26,Bengaluru,Zepto,Cleaning,Detergent Powder,Surf Excel Easy Wash Detergent Powder,1.5 kg,242,211,13,In stock
1710,23-07-26,Chennai,Zepto,Cleaning,Detergent Powder,Surf Excel Easy Wash Detergent Powder,1.5 kg,242,229,5,In stock
1711,24-07-26,Chennai,Blinkit,Cleaning,Detergent Powder,Surf Excel Easy Wash Detergent Powder,1.5 kg,242,237,2,In stock
1712,24-07-26,Delhi,Blinkit,Cleaning,Detergent Powder,Surf Excel Easy Wash Detergent Powder,1.5 kg,242,237,2,In stock
1502,24-07-26,Mumbai,Blinkit,Snacks,Biscuit,Parle-G Original Gluco Biscuit,800 g,100,93,7,In stock
1714,24-07-26,Pune,Blinkit,Cleaning,Detergent Powder,Surf Excel Easy Wash Detergent Powder,1.5 kg,242,237,2,In stock
1715,24-07-26,Bengaluru,Blinkit,Cleaning,Detergent Powder,Surf Excel Easy Wash Detergent Powder,1.5 kg,235,230,2,In stock
1716,24-07-26,Delhi,Instamart,Cleaning,Detergent Powder,Surf Excel Easy Wash Detergent Powder,1.5 kg,235,230,2,In stock
1717,24-07-26,Mumbai,Instamart,Cleaning,Detergent Powder,Surf Excel Easy Wash Detergent Powder,1.5 kg,235,230,2,In stock
1718,24-07-26,Pune,Instamart,Cleaning,Detergent Powder,Surf Excel Easy Wash Detergent Powder,1.5 kg,242,237,2,In stock
1719,24-07-26,Bengaluru,Instamart,Cleaning,Detergent Powder,Surf Excel Easy Wash Detergent Powder,1.5 kg,235,230,2,In stock
1720,24-07-26,Chennai,Instamart,Cleaning,Detergent Powder,Surf Excel Easy Wash Detergent Powder,1.5 kg,242,237,2,In stock
1721,24-07-26,Delhi,Zepto,Cleaning,Detergent Powder,Surf Excel Easy Wash Detergent Powder,1.5 kg,235,229,3,In stock
1722,24-07-26,Mumbai,Zepto,Cleaning,Detergent Powder,Surf Excel Easy Wash Detergent Powder,1.5 kg,242,220,9,In stock
1723,24-07-26,Pune,Zepto,Cleaning,Detergent Powder,Surf Excel Easy Wash Detergent Powder,1.5 kg,242,217,10,In stock
1724,24-07-26,Bengaluru,Zepto,Cleaning,Detergent Powder,Surf Excel Easy Wash Detergent Powder,1.5 kg,242,211,13,In stock
1725,24-07-26,Chennai,Zepto,Cleaning,Detergent Powder,Surf Excel Easy Wash Detergent Powder,1.5 kg,242,229,5,In stock
1726,25-07-26,Delhi,Blinkit,Cleaning,Detergent Powder,Surf Excel Easy Wash Detergent Powder,1.5 kg,242,237,2,In stock
1727,25-07-26,Mumbai,Blinkit,Cleaning,Detergent Powder,Surf Excel Easy Wash Detergent Powder,1.5 kg,242,237,2,In stock
1728,25-07-26,Pune,Blinkit,Cleaning,Detergent Powder,Surf Excel Easy Wash Detergent Powder,1.5 kg,242,237,2,In stock
1729,25-07-26,Bengaluru,Blinkit,Cleaning,Detergent Powder,Surf Excel Easy Wash Detergent Powder,1.5 kg,235,230,2,In stock
1730,25-07-26,Chennai,Blinkit,Cleaning,Detergent Powder,Surf Excel Easy Wash Detergent Powder,1.5 kg,242,237,2,In stock
1731,25-07-26,Delhi,Instamart,Cleaning,Detergent Powder,Surf Excel Easy Wash Detergent Powder,1.5 kg,235,230,2,In stock
1732,25-07-26,Mumbai,Instamart,Cleaning,Detergent Powder,Surf Excel Easy Wash Detergent Powder,1.5 kg,235,230,2,In stock
1733,25-07-26,Pune,Instamart,Cleaning,Detergent Powder,Surf Excel Easy Wash Detergent Powder,1.5 kg,242,237,2,In stock
1734,25-07-26,Bengaluru,Instamart,Cleaning,Detergent Powder,Surf Excel Easy Wash Detergent Powder,1.5 kg,235,230,2,In stock
1735,25-07-26,Chennai,Instamart,Cleaning,Detergent Powder,Surf Excel Easy Wash Detergent Powder,1.5 kg,242,237,2,In stock
1736,25-07-26,Delhi,Zepto,Cleaning,Detergent Powder,Surf Excel Easy Wash Detergent Powder,1.5 kg,235,228,3,In stock
1737,25-07-26,Mumbai,Zepto,Cleaning,Detergent Powder,Surf Excel Easy Wash Detergent Powder,1.5 kg,242,220,9,In stock
1738,25-07-26,Pune,Zepto,Cleaning,Detergent Powder,Surf Excel Easy Wash Detergent Powder,1.5 kg,242,217,10,In stock
1739,25-07-26,Bengaluru,Zepto,Cleaning,Detergent Powder,Surf Excel Easy Wash Detergent Powder,1.5 kg,242,211,13,In stock
1740,25-07-26,Chennai,Zepto,Cleaning,Detergent Powder,Surf Excel Easy Wash Detergent Powder,1.5 kg,242,229,5,In stock
1741,26-07-26,Delhi,Blinkit,Cleaning,Detergent Powder,Surf Excel Easy Wash Detergent Powder,1.5 kg,242,237,2,In stock
1742,26-07-26,Mumbai,Blinkit,Cleaning,Detergent Powder,Surf Excel Easy Wash Detergent Powder,1.5 kg,242,237,2,In stock
1743,26-07-26,Pune,Blinkit,Cleaning,Detergent Powder,Surf Excel Easy Wash Detergent Powder,1.5 kg,242,237,2,In stock
1744,26-07-26,Bengaluru,Blinkit,Cleaning,Detergent Powder,Surf Excel Easy Wash Detergent Powder,1.5 kg,235,230,2,In stock
1745,26-07-26,Chennai,Blinkit,Cleaning,Detergent Powder,Surf Excel Easy Wash Detergent Powder,1.5 kg,242,237,2,In stock
1746,26-07-26,Delhi,Instamart,Cleaning,Detergent Powder,Surf Excel Easy Wash Detergent Powder,1.5 kg,235,230,2,In stock
1747,26-07-26,Mumbai,Instamart,Cleaning,Detergent Powder,Surf Excel Easy Wash Detergent Powder,1.5 kg,235,230,2,In stock
1748,26-07-26,Pune,Instamart,Cleaning,Detergent Powder,Surf Excel Easy Wash Detergent Powder,1.5 kg,242,237,2,In stock
1749,26-07-26,Bengaluru,Instamart,Cleaning,Detergent Powder,Surf Excel Easy Wash Detergent Powder,1.5 kg,235,230,2,In stock
1750,26-07-26,Chennai,Instamart,Cleaning,Detergent Powder,Surf Excel Easy Wash Detergent Powder,1.5 kg,242,237,2,In stock
1751,26-07-26,Delhi,Zepto,Cleaning,Detergent Powder,Surf Excel Easy Wash Detergent Powder,1.5 kg,235,229,3,In stock
1752,26-07-26,Mumbai,Zepto,Cleaning,Detergent Powder,Surf Excel Easy Wash Detergent Powder,1.5 kg,242,219,10,In stock
1753,26-07-26,Pune,Zepto,Cleaning,Detergent Powder,Surf Excel Easy Wash Detergent Powder,1.5 kg,235,217,8,In stock
1754,26-07-26,Bengaluru,Zepto,Cleaning,Detergent Powder,Surf Excel Easy Wash Detergent Powder,1.5 kg,235,211,10,In stock
1755,26-07-26,Chennai,Zepto,Cleaning,Detergent Powder,Surf Excel Easy Wash Detergent Powder,1.5 kg,242,229,5,In stock
1756,27-07-26,Delhi,Blinkit,Cleaning,Detergent Powder,Surf Excel Easy Wash Detergent Powder,1.5 kg,242,237,2,In stock
1757,27-07-26,Mumbai,Blinkit,Cleaning,Detergent Powder,Surf Excel Easy Wash Detergent Powder,1.5 kg,242,237,2,In stock
1758,27-07-26,Pune,Blinkit,Cleaning,Detergent Powder,Surf Excel Easy Wash Detergent Powder,1.5 kg,242,237,2,In stock
1759,27-07-26,Bengaluru,Blinkit,Cleaning,Detergent Powder,Surf Excel Easy Wash Detergent Powder,1.5 kg,235,230,2,In stock
1760,27-07-26,Chennai,Blinkit,Cleaning,Detergent Powder,Surf Excel Easy Wash Detergent Powder,1.5 kg,242,237,2,In stock
1761,27-07-26,Delhi,Instamart,Cleaning,Detergent Powder,Surf Excel Easy Wash Detergent Powder,1.5 kg,235,230,2,In stock
1762,27-07-26,Mumbai,Instamart,Cleaning,Detergent Powder,Surf Excel Easy Wash Detergent Powder,1.5 kg,235,230,2,In stock
1763,27-07-26,Pune,Instamart,Cleaning,Detergent Powder,Surf Excel Easy Wash Detergent Powder,1.5 kg,242,237,2,In stock
1764,27-07-26,Bengaluru,Instamart,Cleaning,Detergent Powder,Surf Excel Easy Wash Detergent Powder,1.5 kg,235,230,2,In stock
1765,27-07-26,Chennai,Instamart,Cleaning,Detergent Powder,Surf Excel Easy Wash Detergent Powder,1.5 kg,235,230,2,In stock
1766,27-07-26,Delhi,Zepto,Cleaning,Detergent Powder,Surf Excel Easy Wash Detergent Powder,1.5 kg,235,229,3,In stock
1767,27-07-26,Mumbai,Zepto,Cleaning,Detergent Powder,Surf Excel Easy Wash Detergent Powder,1.5 kg,242,219,10,In stock
1768,27-07-26,Pune,Zepto,Cleaning,Detergent Powder,Surf Excel Easy Wash Detergent Powder,1.5 kg,235,217,8,In stock
1769,27-07-26,Bengaluru,Zepto,Cleaning,Detergent Powder,Surf Excel Easy Wash Detergent Powder,1.5 kg,235,217,8,In stock
1770,27-07-26,Chennai,Zepto,Cleaning,Detergent Powder,Surf Excel Easy Wash Detergent Powder,1.5 kg,242,229,5,In stock
1771,28-07-26,Delhi,Blinkit,Cleaning,Detergent Powder,Surf Excel Easy Wash Detergent Powder,1.5 kg,242,237,2,In stock
1772,28-07-26,Mumbai,Blinkit,Cleaning,Detergent Powder,Surf Excel Easy Wash Detergent Powder,1.5 kg,242,237,2,In stock
1773,28-07-26,Pune,Blinkit,Cleaning,Detergent Powder,Surf Excel Easy Wash Detergent Powder,1.5 kg,242,237,2,In stock
1774,28-07-26,Bengaluru,Blinkit,Cleaning,Detergent Powder,Surf Excel Easy Wash Detergent Powder,1.5 kg,235,230,2,In stock
1775,28-07-26,Chennai,Blinkit,Cleaning,Detergent Powder,Surf Excel Easy Wash Detergent Powder,1.5 kg,235,230,2,In stock
1776,28-07-26,Delhi,Instamart,Cleaning,Detergent Powder,Surf Excel Easy Wash Detergent Powder,1.5 kg,235,230,2,In stock
1777,28-07-26,Mumbai,Instamart,Cleaning,Detergent Powder,Surf Excel Easy Wash Detergent Powder,1.5 kg,235,230,2,In stock
1778,28-07-26,Pune,Instamart,Cleaning,Detergent Powder,Surf Excel Easy Wash Detergent Powder,1.5 kg,242,237,2,In stock
1779,28-07-26,Bengaluru,Instamart,Cleaning,Detergent Powder,Surf Excel Easy Wash Detergent Powder,1.5 kg,235,230,2,In stock
1780,28-07-26,Chennai,Instamart,Cleaning,Detergent Powder,Surf Excel Easy Wash Detergent Powder,1.5 kg,242,237,2,In stock
1781,28-07-26,Delhi,Zepto,Cleaning,Detergent Powder,Surf Excel Easy Wash Detergent Powder,1.5 kg,235,229,3,In stock
1782,28-07-26,Mumbai,Zepto,Cleaning,Detergent Powder,Surf Excel Easy Wash Detergent Powder,1.5 kg,242,209,14,In stock
1783,28-07-26,Pune,Zepto,Cleaning,Detergent Powder,Surf Excel Easy Wash Detergent Powder,1.5 kg,235,217,8,In stock
1784,28-07-26,Bengaluru,Zepto,Cleaning,Detergent Powder,Surf Excel Easy Wash Detergent Powder,1.5 kg,242,217,10,In stock
1785,28-07-26,Chennai,Zepto,Cleaning,Detergent Powder,Surf Excel Easy Wash Detergent Powder,1.5 kg,242,229,5,In stock
1786,22-07-26,Delhi,Blinkit,Salt,Salt,Tata Salt (Vacuum Evaporated Iodised),1 kg,32,29,9,In stock
1787,22-07-26,Mumbai,Blinkit,Salt,Salt,Tata Salt (Vacuum Evaporated Iodised),1 kg,32,29,9,In stock
1788,22-07-26,Pune,Blinkit,Salt,Salt,Tata Salt (Vacuum Evaporated Iodised),1 kg,32,29,9,In stock
1789,22-07-26,Bengaluru,Blinkit,Salt,Salt,Tata Salt (Vacuum Evaporated Iodised),1 kg,32,29,9,In stock
1790,22-07-26,Chennai,Blinkit,Salt,Salt,Tata Salt (Vacuum Evaporated Iodised),1 kg,32,29,9,In stock
1791,22-07-26,Delhi,Instamart,Salt,Salt,Tata Salt (Vacuum Evaporated Iodised),1 kg,32,29,9,In stock
1792,22-07-26,Mumbai,Instamart,Salt,Salt,Tata Salt (Vacuum Evaporated Iodised),1 kg,32,29,9,In stock
1793,22-07-26,Bengaluru,Instamart,Salt,Salt,Tata Salt (Vacuum Evaporated Iodised),1 kg,32,29,9,In stock
1794,22-07-26,Chennai,Instamart,Salt,Salt,Tata Salt (Vacuum Evaporated Iodised),1 kg,32,29,9,In stock
1795,22-07-26,Delhi,Zepto,Salt,Salt,Tata Salt (Vacuum Evaporated Iodised),1 kg,32,29,9,In stock
1796,22-07-26,Mumbai,Zepto,Salt,Salt,Tata Salt (Vacuum Evaporated Iodised),1 kg,32,29,9,In stock
1797,22-07-26,Pune,Zepto,Salt,Salt,Tata Salt (Vacuum Evaporated Iodised),1 kg,32,29,9,In stock
1798,22-07-26,Bengaluru,Zepto,Salt,Salt,Tata Salt (Vacuum Evaporated Iodised),1 kg,32,29,9,In stock
1799,22-07-26,Chennai,Zepto,Salt,Salt,Tata Salt (Vacuum Evaporated Iodised),1 kg,32,29,9,In stock
1800,22-07-26,Pune,Instamart,Salt,Salt,Tata Salt (Vacuum Evaporated Iodised),1 kg,32,,100,Out of stock
1801,23-07-26,Delhi,Blinkit,Salt,Salt,Tata Salt (Vacuum Evaporated Iodised),1 kg,32,29,9,In stock
1607,24-07-26,Mumbai,Blinkit,Oils,Cooking oil,Saffola Total Heart Pro Rice Bran & Sunflower Blended Oil,1 lit,265,244,8,In stock
1713,24-07-26,Mumbai,Blinkit,Cleaning,Detergent Powder,Surf Excel Easy Wash Detergent Powder,1.5 kg,242,237,2,In stock
1804,23-07-26,Pune,Blinkit,Salt,Salt,Tata Salt (Vacuum Evaporated Iodised),1 kg,32,29,9,In stock
1805,23-07-26,Bengaluru,Blinkit,Salt,Salt,Tata Salt (Vacuum Evaporated Iodised),1 kg,32,29,9,In stock
1806,23-07-26,Chennai,Blinkit,Salt,Salt,Tata Salt (Vacuum Evaporated Iodised),1 kg,32,29,9,In stock
1807,23-07-26,Delhi,Instamart,Salt,Salt,Tata Salt (Vacuum Evaporated Iodised),1 kg,32,29,9,In stock
1808,23-07-26,Bengaluru,Instamart,Salt,Salt,Tata Salt (Vacuum Evaporated Iodised),1 kg,32,29,9,In stock
1809,23-07-26,Chennai,Instamart,Salt,Salt,Tata Salt (Vacuum Evaporated Iodised),1 kg,32,29,9,In stock
1810,23-07-26,Delhi,Zepto,Salt,Salt,Tata Salt (Vacuum Evaporated Iodised),1 kg,32,29,9,In stock
1811,23-07-26,Mumbai,Zepto,Salt,Salt,Tata Salt (Vacuum Evaporated Iodised),1 kg,32,29,9,In stock
1812,23-07-26,Pune,Zepto,Salt,Salt,Tata Salt (Vacuum Evaporated Iodised),1 kg,32,29,9,In stock
1813,23-07-26,Bengaluru,Zepto,Salt,Salt,Tata Salt (Vacuum Evaporated Iodised),1 kg,32,29,9,In stock
1814,23-07-26,Chennai,Zepto,Salt,Salt,Tata Salt (Vacuum Evaporated Iodised),1 kg,32,29,9,In stock
1815,23-07-26,Mumbai,Instamart,Salt,Salt,Tata Salt (Vacuum Evaporated Iodised),1 kg,32,,100,Out of stock
1816,23-07-26,Pune,Instamart,Salt,Salt,Tata Salt (Vacuum Evaporated Iodised),1 kg,32,,100,Out of stock
1817,24-07-26,Delhi,Blinkit,Salt,Salt,Tata Salt (Vacuum Evaporated Iodised),1 kg,32,29,9,In stock
1818,24-07-26,Pune,Blinkit,Salt,Salt,Tata Salt (Vacuum Evaporated Iodised),1 kg,32,29,9,In stock
1819,24-07-26,Bengaluru,Blinkit,Salt,Salt,Tata Salt (Vacuum Evaporated Iodised),1 kg,32,29,9,In stock
1820,24-07-26,Chennai,Blinkit,Salt,Salt,Tata Salt (Vacuum Evaporated Iodised),1 kg,32,29,9,In stock
1821,24-07-26,Delhi,Instamart,Salt,Salt,Tata Salt (Vacuum Evaporated Iodised),1 kg,32,29,9,In stock
1822,24-07-26,Pune,Instamart,Salt,Salt,Tata Salt (Vacuum Evaporated Iodised),1 kg,32,29,9,In stock
1823,24-07-26,Bengaluru,Instamart,Salt,Salt,Tata Salt (Vacuum Evaporated Iodised),1 kg,32,29,9,In stock
1824,24-07-26,Chennai,Instamart,Salt,Salt,Tata Salt (Vacuum Evaporated Iodised),1 kg,32,29,9,In stock
1825,24-07-26,Delhi,Zepto,Salt,Salt,Tata Salt (Vacuum Evaporated Iodised),1 kg,32,29,9,In stock
1826,24-07-26,Mumbai,Zepto,Salt,Salt,Tata Salt (Vacuum Evaporated Iodised),1 kg,32,29,9,In stock
1827,24-07-26,Pune,Zepto,Salt,Salt,Tata Salt (Vacuum Evaporated Iodised),1 kg,32,29,9,In stock
1828,24-07-26,Bengaluru,Zepto,Salt,Salt,Tata Salt (Vacuum Evaporated Iodised),1 kg,32,29,9,In stock
1829,24-07-26,Chennai,Zepto,Salt,Salt,Tata Salt (Vacuum Evaporated Iodised),1 kg,32,29,9,In stock
1830,24-07-26,Mumbai,Instamart,Salt,Salt,Tata Salt (Vacuum Evaporated Iodised),1 kg,32,,100,Out of stock
1831,25-07-26,Delhi,Blinkit,Salt,Salt,Tata Salt (Vacuum Evaporated Iodised),1 kg,32,29,9,In stock
1832,25-07-26,Mumbai,Blinkit,Salt,Salt,Tata Salt (Vacuum Evaporated Iodised),1 kg,32,29,9,In stock
1833,25-07-26,Pune,Blinkit,Salt,Salt,Tata Salt (Vacuum Evaporated Iodised),1 kg,32,29,9,In stock
1834,25-07-26,Bengaluru,Blinkit,Salt,Salt,Tata Salt (Vacuum Evaporated Iodised),1 kg,32,29,9,In stock
1835,25-07-26,Chennai,Blinkit,Salt,Salt,Tata Salt (Vacuum Evaporated Iodised),1 kg,32,29,9,In stock
1836,25-07-26,Delhi,Instamart,Salt,Salt,Tata Salt (Vacuum Evaporated Iodised),1 kg,32,29,9,In stock
1837,25-07-26,Pune,Instamart,Salt,Salt,Tata Salt (Vacuum Evaporated Iodised),1 kg,32,29,9,In stock
1838,25-07-26,Bengaluru,Instamart,Salt,Salt,Tata Salt (Vacuum Evaporated Iodised),1 kg,32,29,9,In stock
1839,25-07-26,Chennai,Instamart,Salt,Salt,Tata Salt (Vacuum Evaporated Iodised),1 kg,32,29,9,In stock
1840,25-07-26,Delhi,Zepto,Salt,Salt,Tata Salt (Vacuum Evaporated Iodised),1 kg,32,29,9,In stock
1841,25-07-26,Mumbai,Zepto,Salt,Salt,Tata Salt (Vacuum Evaporated Iodised),1 kg,32,29,9,In stock
1842,25-07-26,Pune,Zepto,Salt,Salt,Tata Salt (Vacuum Evaporated Iodised),1 kg,32,29,9,In stock
1843,25-07-26,Bengaluru,Zepto,Salt,Salt,Tata Salt (Vacuum Evaporated Iodised),1 kg,32,29,9,In stock
1844,25-07-26,Chennai,Zepto,Salt,Salt,Tata Salt (Vacuum Evaporated Iodised),1 kg,32,29,9,In stock
1845,25-07-26,Mumbai,Instamart,Salt,Salt,Tata Salt (Vacuum Evaporated Iodised),1 kg,32,,100,Out of stock
1846,26-07-26,Delhi,Blinkit,Salt,Salt,Tata Salt (Vacuum Evaporated Iodised),1 kg,32,29,9,In stock
1847,26-07-26,Mumbai,Blinkit,Salt,Salt,Tata Salt (Vacuum Evaporated Iodised),1 kg,32,29,9,In stock
1848,26-07-26,Pune,Blinkit,Salt,Salt,Tata Salt (Vacuum Evaporated Iodised),1 kg,32,29,9,In stock
1849,26-07-26,Bengaluru,Blinkit,Salt,Salt,Tata Salt (Vacuum Evaporated Iodised),1 kg,32,29,9,In stock
1850,26-07-26,Chennai,Blinkit,Salt,Salt,Tata Salt (Vacuum Evaporated Iodised),1 kg,32,29,9,In stock
1851,26-07-26,Delhi,Instamart,Salt,Salt,Tata Salt (Vacuum Evaporated Iodised),1 kg,32,29,9,In stock
1852,26-07-26,Pune,Instamart,Salt,Salt,Tata Salt (Vacuum Evaporated Iodised),1 kg,32,29,9,In stock
1853,26-07-26,Bengaluru,Instamart,Salt,Salt,Tata Salt (Vacuum Evaporated Iodised),1 kg,32,29,9,In stock
1854,26-07-26,Chennai,Instamart,Salt,Salt,Tata Salt (Vacuum Evaporated Iodised),1 kg,32,29,9,In stock
1855,26-07-26,Delhi,Zepto,Salt,Salt,Tata Salt (Vacuum Evaporated Iodised),1 kg,32,29,9,In stock
1856,26-07-26,Mumbai,Zepto,Salt,Salt,Tata Salt (Vacuum Evaporated Iodised),1 kg,32,29,9,In stock
1857,26-07-26,Pune,Zepto,Salt,Salt,Tata Salt (Vacuum Evaporated Iodised),1 kg,32,29,9,In stock
1858,26-07-26,Bengaluru,Zepto,Salt,Salt,Tata Salt (Vacuum Evaporated Iodised),1 kg,32,29,9,In stock
1859,26-07-26,Chennai,Zepto,Salt,Salt,Tata Salt (Vacuum Evaporated Iodised),1 kg,32,29,9,In stock
1860,26-07-26,Mumbai,Instamart,Salt,Salt,Tata Salt (Vacuum Evaporated Iodised),1 kg,32,,100,Out of stock
1861,27-07-26,Delhi,Blinkit,Salt,Salt,Tata Salt (Vacuum Evaporated Iodised),1 kg,32,29,9,In stock
1862,27-07-26,Mumbai,Blinkit,Salt,Salt,Tata Salt (Vacuum Evaporated Iodised),1 kg,32,29,9,In stock
1863,27-07-26,Pune,Blinkit,Salt,Salt,Tata Salt (Vacuum Evaporated Iodised),1 kg,32,29,9,In stock
1864,27-07-26,Bengaluru,Blinkit,Salt,Salt,Tata Salt (Vacuum Evaporated Iodised),1 kg,32,29,9,In stock
1865,27-07-26,Chennai,Blinkit,Salt,Salt,Tata Salt (Vacuum Evaporated Iodised),1 kg,32,29,9,In stock
1866,27-07-26,Delhi,Instamart,Salt,Salt,Tata Salt (Vacuum Evaporated Iodised),1 kg,32,29,9,In stock
1867,27-07-26,Pune,Instamart,Salt,Salt,Tata Salt (Vacuum Evaporated Iodised),1 kg,32,29,9,In stock
1868,27-07-26,Bengaluru,Instamart,Salt,Salt,Tata Salt (Vacuum Evaporated Iodised),1 kg,32,29,9,In stock
1869,27-07-26,Chennai,Instamart,Salt,Salt,Tata Salt (Vacuum Evaporated Iodised),1 kg,32,29,9,In stock
1870,27-07-26,Delhi,Zepto,Salt,Salt,Tata Salt (Vacuum Evaporated Iodised),1 kg,32,29,9,In stock
1871,27-07-26,Mumbai,Zepto,Salt,Salt,Tata Salt (Vacuum Evaporated Iodised),1 kg,32,29,9,In stock
1872,27-07-26,Pune,Zepto,Salt,Salt,Tata Salt (Vacuum Evaporated Iodised),1 kg,32,29,9,In stock
1873,27-07-26,Bengaluru,Zepto,Salt,Salt,Tata Salt (Vacuum Evaporated Iodised),1 kg,32,29,9,In stock
1874,27-07-26,Chennai,Zepto,Salt,Salt,Tata Salt (Vacuum Evaporated Iodised),1 kg,32,29,9,In stock
1875,27-07-26,Mumbai,Instamart,Salt,Salt,Tata Salt (Vacuum Evaporated Iodised),1 kg,32,,100,Out of stock
1876,28-07-26,Delhi,Blinkit,Salt,Salt,Tata Salt (Vacuum Evaporated Iodised),1 kg,32,29,9,In stock
1877,28-07-26,Mumbai,Blinkit,Salt,Salt,Tata Salt (Vacuum Evaporated Iodised),1 kg,32,29,9,In stock
1878,28-07-26,Pune,Blinkit,Salt,Salt,Tata Salt (Vacuum Evaporated Iodised),1 kg,32,29,9,In stock
1879,28-07-26,Bengaluru,Blinkit,Salt,Salt,Tata Salt (Vacuum Evaporated Iodised),1 kg,32,29,9,In stock
1880,28-07-26,Chennai,Blinkit,Salt,Salt,Tata Salt (Vacuum Evaporated Iodised),1 kg,32,29,9,In stock
1881,28-07-26,Delhi,Instamart,Salt,Salt,Tata Salt (Vacuum Evaporated Iodised),1 kg,32,29,9,In stock
1882,28-07-26,Mumbai,Instamart,Salt,Salt,Tata Salt (Vacuum Evaporated Iodised),1 kg,32,29,9,In stock
1883,28-07-26,Pune,Instamart,Salt,Salt,Tata Salt (Vacuum Evaporated Iodised),1 kg,32,29,9,In stock
1884,28-07-26,Bengaluru,Instamart,Salt,Salt,Tata Salt (Vacuum Evaporated Iodised),1 kg,32,29,9,In stock
1885,28-07-26,Chennai,Instamart,Salt,Salt,Tata Salt (Vacuum Evaporated Iodised),1 kg,32,29,9,In stock
1886,28-07-26,Delhi,Zepto,Salt,Salt,Tata Salt (Vacuum Evaporated Iodised),1 kg,32,29,9,In stock
1887,28-07-26,Mumbai,Zepto,Salt,Salt,Tata Salt (Vacuum Evaporated Iodised),1 kg,32,29,9,In stock
1888,28-07-26,Pune,Zepto,Salt,Salt,Tata Salt (Vacuum Evaporated Iodised),1 kg,32,29,9,In stock
1889,28-07-26,Bengaluru,Zepto,Salt,Salt,Tata Salt (Vacuum Evaporated Iodised),1 kg,32,29,9,In stock
1890,28-07-26,Chennai,Zepto,Salt,Salt,Tata Salt (Vacuum Evaporated Iodised),1 kg,32,29,9,In stock
